num_doc,tipo_cliente,grupo_riesgo
4818969865.0,objetivo,t4
34013060733.0,adicion,t3
57507833780.0,adicion,t6
82457273634.0,objetivo,t4
131692811268.0,objetivo,t5
167118855101.0,objetivo,t6
196110644672.0,adicion,t5
206451712658.0,objetivo,t5
231378447543.0,objetivo,t6
232667074294.0,objetivo,t6
307212002388.0,objetivo,t5
318690633652.0,adicion,t3
323508499275.0,adicion,t5
361643945835.0,adicion,t6
427982200599.0,adicion,t6
448280879946.0,objetivo,t7
455855849261.0,objetivo,t7
481687685176.0,adicion,t7
523312217419.0,objetivo,t5
570270457383.0,objetivo,t6
582523903376.0,adicion,t6
593471259844.0,objetivo,t3
595633539012.0,objetivo,t6
634000126408.0,adicion,t5
656696644016.0,adicion,t7
685630229863.0,objetivo,t7
705670357659.0,objetivo,t6
718828713476.0,objetivo,t3
720757214544.0,objetivo,t5
726208810834.0,objetivo,t5
727992151293.0,objetivo,t6
800971627126.0,adicion,t2
910653031986.0,adicion,t6
915286525636.0,adicion,t4
924460364311.0,objetivo,t5
927796685671.0,adicion,t6
12706519882.0,objetivo,t5
55515967000.0,objetivo,t6
63562700018.0,objetivo,t5
103129151534.0,objetivo,t4
131454584930.0,adicion,t5
135245096834.0,objetivo,t6
137846062978.0,objetivo,t6
177934668953.0,adicion,t5
240000363294.0,objetivo,t5
253014693859.0,objetivo,t5
267639516118.0,objetivo,t7
305425406425.0,adicion,t1
355639322275.0,adicion,t4
398285969179.0,adicion,t4
411498917592.0,adicion,t6
458853217062.0,objetivo,t5
489891910620.0,adicion,t5
501311439200.0,objetivo,t7
580431192360.0,adicion,t6
600044632019.0,objetivo,t5
608876035496.0,adicion,t4
615486209571.0,objetivo,t5
664216550425.0,adicion,t6
731792906269.0,adicion,t5
764275749830.0,adicion,t4
806881843969.0,objetivo,t7
811239381751.0,objetivo,t6
822883890184.0,objetivo,t3
840268673101.0,objetivo,t3
843341597440.0,adicion,t5
856757690427.0,adicion,t2
859919698235.0,objetivo,t7
864898622539.0,objetivo,t5
908821497391.0,adicion,t5
926085183742.0,adicion,t2
939744617961.0,adicion,t5
955921273583.0,adicion,t1
965329434952.0,objetivo,t5
20717559550.0,objetivo,t5
51482228929.0,objetivo,t6
89383893257.0,objetivo,t5
192240158236.0,objetivo,t6
194130742932.0,adicion,t7
226204637245.0,objetivo,t6
268641720402.0,objetivo,t7
274479076252.0,objetivo,t5
368121189655.0,objetivo,t6
396631201442.0,objetivo,t6
402112744679.0,adicion,t5
482926227579.0,adicion,t5
505681425502.0,adicion,t5
507389345338.0,adicion,t5
507738840394.0,objetivo,t6
515539085642.0,adicion,t6
526841910709.0,objetivo,t5
540629315824.0,adicion,t7
610405971846.0,objetivo,t6
620757590238.0,adicion,t6
625953255512.0,objetivo,t6
643031215780.0,objetivo,t1
716458831487.0,objetivo,t1
751739312409.0,adicion,t5
772902402627.0,adicion,t6
794365817219.0,adicion,t4
854567066274.0,adicion,t4
899508554779.0,objetivo,t6
915964280324.0,adicion,t6
954082953156.0,objetivo,t7
11385674704.0,objetivo,t2
27651069535.0,objetivo,t6
44525490808.0,adicion,t5
73521675536.0,adicion,t3
82708668434.0,objetivo,t5
128987625426.0,adicion,t3
137820502406.0,objetivo,t6
164859555949.0,objetivo,t4
248985549403.0,objetivo,t5
334274855529.0,objetivo,t6
337820393013.0,adicion,t7
377248888872.0,objetivo,t7
422832360451.0,adicion,t2
561870159747.0,objetivo,t6
573056893850.0,adicion,t7
599088365959.0,adicion,t5
680268999772.0,objetivo,t6
696967063552.0,adicion,t6
707486133715.0,adicion,t7
791827037338.0,objetivo,t5
805365137653.0,adicion,t6
810058289821.0,adicion,t4
815629376674.0,adicion,t6
831646467611.0,objetivo,t7
946602098136.0,adicion,t5
956055867206.0,adicion,t6
975134982364.0,objetivo,t7
979383574817.0,objetivo,t6
994708094693.0,adicion,t5
37522777211.0,adicion,t6
58357357077.0,adicion,t4
82046422320.0,objetivo,t6
90473601782.0,objetivo,t5
164986425373.0,adicion,t6
172087952795.0,adicion,t5
250849206861.0,adicion,t5
273016587246.0,objetivo,t4
287794077208.0,adicion,t2
335833670755.0,objetivo,t6
361406418308.0,objetivo,t5
377343173074.0,adicion,t5
391377937934.0,adicion,t3
481590983363.0,adicion,t3
550109559070.0,adicion,t6
564161437031.0,adicion,t4
580677662527.0,adicion,t1
606800273595.0,objetivo,t5
638018978611.0,adicion,t5
657732762919.0,adicion,t4
662439171124.0,objetivo,t5
662726194887.0,objetivo,t7
664929121762.0,objetivo,t4
721405555785.0,adicion,t5
730147221108.0,objetivo,t3
750141278019.0,objetivo,t6
780460588824.0,adicion,t5
806801795240.0,objetivo,t6
856188060221.0,objetivo,t6
857041105703.0,adicion,t5
907313064003.0,adicion,t3
962618036138.0,adicion,t5
975840603241.0,objetivo,t6
90800328551.0,adicion,t2
104361838245.0,objetivo,t5
157019120982.0,adicion,t5
218161216859.0,objetivo,t6
226360069666.0,objetivo,t6
259498873838.0,objetivo,t7
286785083854.0,objetivo,t5
360468529297.0,adicion,t7
377505433516.0,adicion,t6
380040974608.0,adicion,t6
386407247721.0,adicion,t4
401941753117.0,adicion,t5
413319895898.0,objetivo,t6
480625695010.0,objetivo,t5
510062758739.0,adicion,t6
510391794231.0,adicion,t7
527337070174.0,adicion,t6
559290175018.0,objetivo,t6
592484917212.0,objetivo,t4
625088974061.0,objetivo,t5
710999153807.0,adicion,t6
717969875448.0,adicion,t4
776005686887.0,adicion,t6
816469560021.0,adicion,t1
838524014843.0,objetivo,t5
926359251993.0,objetivo,t1
933642740628.0,objetivo,t5
4557759644.0,adicion,t6
14514491719.0,objetivo,t5
70951572444.0,adicion,t4
99098555937.0,adicion,t4
128886790968.0,adicion,t6
153054786674.0,adicion,t6
248645289016.0,objetivo,t5
255738987260.0,adicion,t5
263494239244.0,adicion,t8
265552544078.0,objetivo,t5
312135216529.0,adicion,t3
362130484142.0,adicion,t5
395081817065.0,objetivo,t5
396264295867.0,objetivo,t6
457824581627.0,objetivo,t4
469573901783.0,objetivo,t6
478849314103.0,objetivo,t7
540684236288.0,objetivo,t5
545098999742.0,adicion,t7
573692039955.0,adicion,t3
579261352922.0,adicion,t5
600916214487.0,adicion,t3
624233223073.0,objetivo,t5
675321157576.0,adicion,t7
700784254893.0,adicion,t5
720184530426.0,adicion,t3
728910944282.0,adicion,t5
734475363153.0,objetivo,t5
743259528096.0,objetivo,t6
810981405943.0,adicion,t5
823471949614.0,adicion,t5
827259826019.0,adicion,t2
893971917636.0,adicion,t5
898726720021.0,adicion,t6
974624256407.0,adicion,t1
983621317738.0,adicion,t5
56737477330.0,adicion,t1
97167981764.0,objetivo,t6
116446575124.0,objetivo,t3
133649229263.0,adicion,t6
163911176802.0,objetivo,t7
213501049443.0,adicion,t5
235708650524.0,adicion,t6
299268682783.0,objetivo,t6
315605263642.0,objetivo,t5
325090500693.0,objetivo,t3
347445296792.0,objetivo,t6
356864944340.0,objetivo,t5
393736165152.0,adicion,t6
419044176986.0,adicion,t6
427589052609.0,objetivo,t7
441366927216.0,adicion,t5
445720770557.0,objetivo,t4
570935712238.0,objetivo,t5
578733385260.0,objetivo,t6
596011016855.0,adicion,t1
638341063414.0,adicion,t6
681466958037.0,adicion,t6
686271902859.0,adicion,t2
694477529064.0,adicion,t5
761487698732.0,adicion,t6
771824759763.0,objetivo,t6
803353143720.0,adicion,t6
803905085720.0,objetivo,t5
810317871308.0,objetivo,t5
875772221286.0,adicion,t1
915613100574.0,objetivo,t5
951275463620.0,adicion,t6
16668920988.0,objetivo,t5
24261156402.0,objetivo,t7
94763238014.0,objetivo,t6
108055444447.0,objetivo,t5
175669205130.0,objetivo,t7
339187728465.0,adicion,t5
339606082934.0,adicion,t5
351785975239.0,adicion,t5
379047892169.0,adicion,t5
382184028467.0,adicion,t3
383034523673.0,objetivo,t4
414543415142.0,adicion,t4
431317576593.0,objetivo,t6
516126878959.0,objetivo,t6
534137431682.0,adicion,t3
554196676557.0,objetivo,t6
589926829701.0,objetivo,t6
713164513451.0,adicion,t5
817601577926.0,adicion,t1
823462168806.0,objetivo,t6
824242854406.0,objetivo,t3
868137426701.0,objetivo,t4
868374267377.0,adicion,t6
904849184156.0,adicion,t7
906914279825.0,objetivo,t3
922029382649.0,adicion,t5
941130127606.0,adicion,t5
943220400801.0,objetivo,t6
951633043510.0,objetivo,t6
965509508765.0,adicion,t5
269916726043.0,objetivo,t4
281451272513.0,objetivo,t6
291270484275.0,objetivo,t3
340325947428.0,adicion,t6
383265463626.0,adicion,t6
421528636856.0,objetivo,t7
489682766214.0,adicion,t5
509414388008.0,adicion,t4
532017081421.0,adicion,t4
540673483854.0,objetivo,t6
557199920440.0,adicion,t5
606108853488.0,objetivo,t7
615178097647.0,adicion,t6
629274752110.0,adicion,t6
726201278097.0,adicion,t3
728289549277.0,objetivo,t5
792914982297.0,objetivo,t6
848735112443.0,adicion,t5
865655974873.0,objetivo,t4
873643133596.0,adicion,t4
913454611542.0,objetivo,t7
967239796559.0,adicion,t4
974892007006.0,adicion,t1
975202845698.0,objetivo,t4
979774241902.0,objetivo,t6
57293446518.0,adicion,t5
112200054636.0,adicion,t2
136666679104.0,adicion,t6
138030318256.0,adicion,t1
189164003260.0,adicion,t5
197924270820.0,adicion,t5
234790673347.0,adicion,t5
255465372085.0,adicion,t1
266523759151.0,objetivo,t3
274725974288.0,adicion,t4
283027336191.0,objetivo,t4
296174618186.0,objetivo,t6
306412776559.0,adicion,t5
342321093162.0,objetivo,t4
364932260662.0,adicion,t6
383145848298.0,objetivo,t5
436292313647.0,objetivo,t6
441551765506.0,adicion,t2
443662022441.0,adicion,t6
503212724343.0,adicion,t5
530839839672.0,adicion,t5
541259317695.0,objetivo,t5
594671943887.0,objetivo,t5
627263028423.0,adicion,t6
630256676294.0,adicion,t6
683773272189.0,objetivo,t2
713285631146.0,adicion,t5
845602481031.0,adicion,t5
871923563042.0,objetivo,t6
890948385071.0,objetivo,t5
945074696597.0,objetivo,t5
956288501648.0,adicion,t7
975289052197.0,objetivo,t6
6943702433.0,objetivo,t5
42326688772.0,adicion,t6
64137278964.0,adicion,t6
66638384182.0,adicion,t2
76389896428.0,adicion,t5
122844029167.0,adicion,t4
223904423414.0,objetivo,t5
300728915044.0,objetivo,t1
307694096366.0,objetivo,t3
320135252016.0,adicion,t4
325195167345.0,objetivo,t6
326355768338.0,adicion,t5
333175620292.0,objetivo,t5
374040574486.0,adicion,t5
384175647982.0,objetivo,t6
441753282514.0,objetivo,t7
445645819760.0,objetivo,t6
445785260183.0,objetivo,t7
499693216286.0,adicion,t5
504174130495.0,adicion,t3
524632048430.0,objetivo,t5
595593170769.0,objetivo,t8
598196019928.0,objetivo,t1
638817078103.0,objetivo,t6
649484058183.0,adicion,t1
667464638047.0,objetivo,t6
696370439451.0,adicion,t7
727044369405.0,adicion,t6
767207395375.0,objetivo,t7
797197376855.0,adicion,t2
806622439728.0,objetivo,t3
878166852916.0,adicion,t4
953576848628.0,objetivo,t7
956145257836.0,adicion,t4
956165210615.0,adicion,t6
974815542715.0,adicion,t5
997184651277.0,adicion,t4
115453092403.0,adicion,t8
142175780162.0,objetivo,t7
153266816073.0,adicion,t3
177767924367.0,adicion,t7
212131191427.0,adicion,t2
243719609154.0,adicion,t5
259199853124.0,objetivo,t3
260477554528.0,adicion,t4
301441439222.0,objetivo,t4
305559216757.0,adicion,t4
348193149686.0,objetivo,t6
351773568373.0,adicion,t2
357800518531.0,objetivo,t5
367542797316.0,adicion,t3
404935166460.0,adicion,t3
486320705073.0,objetivo,t6
528566058085.0,adicion,t6
537001173007.0,objetivo,t5
553138877229.0,adicion,t5
557507349982.0,adicion,t5
625733116077.0,objetivo,t7
655833048175.0,objetivo,t6
668770820426.0,adicion,t4
754648727686.0,objetivo,t3
777985915318.0,objetivo,t7
812545814351.0,adicion,t6
827034491936.0,objetivo,t4
842128488052.0,objetivo,t6
930753738443.0,adicion,t2
932965834852.0,objetivo,t6
939623673574.0,adicion,t4
949280462193.0,objetivo,t6
990025678003.0,adicion,t1
996005841119.0,objetivo,t3
21263974832.0,adicion,t4
115732002572.0,adicion,t5
133667822028.0,adicion,t3
151110432470.0,adicion,t7
173058072974.0,objetivo,t4
177467707450.0,adicion,t6
178257817768.0,adicion,t6
186641985992.0,adicion,t4
205511562330.0,adicion,t5
284452375928.0,objetivo,t6
318306697481.0,adicion,t5
334174765652.0,adicion,t5
383036398647.0,objetivo,t7
395133742171.0,adicion,t7
412860674970.0,adicion,t7
433754167113.0,objetivo,t4
437633598728.0,objetivo,t6
556405066615.0,objetivo,t6
567247628759.0,objetivo,t6
606226746848.0,adicion,t4
607622133152.0,objetivo,t6
610853441390.0,adicion,t7
647745965278.0,adicion,t3
657751524909.0,adicion,t2
665979401605.0,adicion,t3
686584297002.0,objetivo,t5
689336048660.0,adicion,t1
697998053041.0,objetivo,t6
791085143210.0,objetivo,t6
823616941741.0,adicion,t1
826421791159.0,objetivo,t6
840117740882.0,adicion,t3
855051056256.0,adicion,t6
877463721246.0,adicion,t1
919773360062.0,objetivo,t6
954559074780.0,adicion,t1
28544332525.0,adicion,t2
60508995754.0,adicion,t5
119299331670.0,objetivo,t6
161503231960.0,objetivo,t6
188745804525.0,objetivo,t7
212431541866.0,adicion,t5
222614178959.0,adicion,t5
263217904202.0,objetivo,t4
275108008648.0,adicion,t3
278438630452.0,objetivo,t5
291316628486.0,adicion,t7
398979428160.0,objetivo,t5
407037802299.0,adicion,t4
432989017483.0,adicion,t5
452146075257.0,adicion,t6
453967029990.0,adicion,t7
494298354048.0,adicion,t4
514771225033.0,objetivo,t6
518298439142.0,objetivo,t5
543976604725.0,objetivo,t1
555241008398.0,adicion,t1
604380959766.0,objetivo,t5
778841866013.0,adicion,t5
815922870181.0,objetivo,t6
820428536728.0,adicion,t2
831034842210.0,objetivo,t6
832624389199.0,objetivo,t7
837479181986.0,adicion,t5
845054656842.0,objetivo,t1
913142657746.0,adicion,t3
946051667753.0,adicion,t5
957869914341.0,adicion,t4
21264811145.0,adicion,t3
115735541970.0,adicion,t4
134100120995.0,objetivo,t4
147436164203.0,objetivo,t6
150378609170.0,objetivo,t4
154248438334.0,adicion,t3
161736660230.0,adicion,t5
173552648932.0,adicion,t7
209116825409.0,objetivo,t3
226632655972.0,objetivo,t6
241619998776.0,objetivo,t5
254583579865.0,objetivo,t5
304526569400.0,adicion,t3
305884963524.0,objetivo,t5
424410074459.0,adicion,t6
426394219326.0,adicion,t4
427054881087.0,adicion,t1
430186672806.0,adicion,t1
432278897334.0,adicion,t4
592945300432.0,objetivo,t6
613656685939.0,adicion,t3
628233644373.0,objetivo,t7
671406945633.0,adicion,t1
676053873323.0,adicion,t4
677845339925.0,adicion,t5
682022578475.0,objetivo,t6
692514292621.0,adicion,t2
710612134681.0,adicion,t4
785886539204.0,adicion,t7
802765582666.0,objetivo,t6
863180440832.0,objetivo,t6
902514734261.0,objetivo,t5
942726253132.0,objetivo,t6
980974748042.0,objetivo,t5
988386345652.0,adicion,t3
998175863359.0,objetivo,t3
10627359005.0,objetivo,t5
29846337682.0,adicion,t6
38586979065.0,adicion,t1
68240738671.0,objetivo,t4
71810247611.0,objetivo,t7
79014785854.0,objetivo,t6
126692678687.0,adicion,t6
163136695077.0,objetivo,t6
227832970214.0,adicion,t3
305675434903.0,adicion,t4
328867963205.0,objetivo,t6
340522312614.0,adicion,t6
365921290376.0,adicion,t6
375406030831.0,adicion,t3
423605654674.0,adicion,t5
466510111950.0,adicion,t6
567061923498.0,objetivo,t5
592620600770.0,adicion,t6
612111973505.0,adicion,t6
620428639414.0,adicion,t5
645840799601.0,adicion,t3
658054321367.0,objetivo,t5
664151046632.0,adicion,t6
683888316203.0,adicion,t6
731166642830.0,adicion,t5
753839300212.0,objetivo,t7
801113414751.0,adicion,t1
831223214068.0,adicion,t8
834984705300.0,objetivo,t6
898272994576.0,adicion,t3
919025000038.0,adicion,t5
954932205064.0,adicion,t4
969933025250.0,adicion,t6
973704028392.0,adicion,t2
976294226097.0,objetivo,t6
21970851800.0,adicion,t7
36691010617.0,objetivo,t4
75349619373.0,adicion,t6
113665663097.0,adicion,t1
160437166598.0,adicion,t1
162961750318.0,adicion,t3
171454384810.0,adicion,t7
172854761349.0,objetivo,t6
176609758535.0,objetivo,t3
239881264935.0,objetivo,t6
243121217209.0,objetivo,t3
273248404246.0,adicion,t7
295926743237.0,objetivo,t6
363543065067.0,adicion,t6
369007328307.0,adicion,t3
375729885314.0,objetivo,t3
408552166535.0,objetivo,t3
443582321109.0,objetivo,t6
484258447916.0,adicion,t3
523927678920.0,adicion,t4
540158833173.0,adicion,t1
557837249512.0,adicion,t5
570296094329.0,adicion,t4
573686107353.0,adicion,t3
620951368643.0,objetivo,t7
668587885725.0,adicion,t7
709581829160.0,adicion,t1
722751780646.0,objetivo,t5
729512241222.0,adicion,t6
751749573840.0,adicion,t3
781844597526.0,adicion,t3
792388367827.0,objetivo,t4
821148430333.0,adicion,t4
854991962350.0,objetivo,t6
865092790736.0,adicion,t2
869651346804.0,objetivo,t4
879352829989.0,objetivo,t3
20040494511.0,adicion,t2
79169820356.0,adicion,t6
129496971460.0,objetivo,t6
131360528386.0,adicion,t1
132902068350.0,objetivo,t6
168445528572.0,objetivo,t7
262060819987.0,adicion,t6
278955101434.0,objetivo,t6
334716043310.0,adicion,t3
361177113179.0,objetivo,t4
417707930255.0,objetivo,t5
419811442174.0,adicion,t6
445029757375.0,adicion,t7
480977849977.0,adicion,t5
490418078678.0,adicion,t7
538411516628.0,adicion,t6
547747512982.0,adicion,t6
549900261222.0,objetivo,t2
561129542614.0,objetivo,t4
661412496169.0,objetivo,t6
665057554130.0,objetivo,t1
665104925159.0,objetivo,t7
734734730791.0,objetivo,t5
753329982437.0,objetivo,t6
846378312735.0,adicion,t5
857316636311.0,adicion,t5
875653727863.0,adicion,t5
904234296424.0,adicion,t6
927473325429.0,adicion,t5
931215902094.0,adicion,t5
938144760368.0,objetivo,t7
952490333480.0,adicion,t6
968236693841.0,adicion,t6
975844355597.0,objetivo,t5
64603892393.0,adicion,t6
66756328578.0,objetivo,t6
83371381381.0,adicion,t4
181746538053.0,objetivo,t4
228053020905.0,objetivo,t5
269595540646.0,objetivo,t6
282819363043.0,adicion,t4
306845373532.0,adicion,t2
332403213154.0,adicion,t5
337827868750.0,adicion,t5
397186681298.0,adicion,t5
423147405283.0,objetivo,t3
459429594898.0,adicion,t7
498765316605.0,objetivo,t7
507884680916.0,adicion,t3
519802602732.0,objetivo,t7
520022651771.0,adicion,t6
561205579151.0,adicion,t4
608688768032.0,adicion,t5
624573844853.0,adicion,t1
662387589776.0,objetivo,t2
680136307080.0,adicion,t6
696366391731.0,adicion,t6
740061774967.0,adicion,t7
776673915394.0,adicion,t5
777722049055.0,adicion,t5
785995019706.0,adicion,t6
795361061941.0,objetivo,t4
805640927666.0,adicion,t4
815494750804.0,adicion,t7
874222890467.0,adicion,t7
894392310239.0,adicion,t2
915457434693.0,objetivo,t6
926044951596.0,objetivo,t5
934096316895.0,objetivo,t5
937532445707.0,objetivo,t6
17945495411.0,objetivo,t5
45338748275.0,objetivo,t5
87657382639.0,adicion,t2
96674272772.0,objetivo,t3
195204726697.0,objetivo,t3
212823802818.0,objetivo,t3
222889514703.0,objetivo,t3
227057646293.0,objetivo,t6
238129013996.0,objetivo,t5
240012349934.0,objetivo,t5
300083453600.0,objetivo,t7
309131991093.0,adicion,t4
320127323135.0,adicion,t4
368219615054.0,adicion,t4
382329608519.0,adicion,t6
422652057950.0,objetivo,t5
431170191595.0,objetivo,t7
438269231961.0,objetivo,t7
525834379917.0,adicion,t6
622592587391.0,objetivo,t4
626771151094.0,objetivo,t5
628123964263.0,adicion,t6
649261181910.0,objetivo,t6
661635876432.0,adicion,t6
697220400211.0,adicion,t1
714260362136.0,adicion,t1
716125057635.0,adicion,t7
762114119622.0,objetivo,t7
795197121226.0,objetivo,t7
886110216887.0,adicion,t5
902158607065.0,objetivo,t5
914382112870.0,objetivo,t5
916132561682.0,objetivo,t5
22630496553.0,adicion,t5
54751343943.0,adicion,t5
64520696460.0,objetivo,t6
91037704118.0,adicion,t4
111414283764.0,adicion,t6
112105646846.0,adicion,t2
164832513052.0,objetivo,t6
196148950341.0,objetivo,t5
253078878486.0,adicion,t6
310954236063.0,adicion,t6
316640394602.0,adicion,t5
356001845047.0,adicion,t6
382340001222.0,adicion,t6
391096589632.0,objetivo,t5
459827288390.0,objetivo,t6
482295255856.0,objetivo,t7
525786248022.0,objetivo,t6
529772475643.0,objetivo,t6
535767927221.0,objetivo,t6
606711725192.0,adicion,t6
615403728591.0,adicion,t1
632266885749.0,adicion,t4
636968876762.0,adicion,t6
688327519131.0,adicion,t2
696031863474.0,adicion,t3
733177228947.0,objetivo,t6
806353672591.0,adicion,t1
845552312318.0,adicion,t6
864937591521.0,objetivo,t6
918743395965.0,adicion,t6
937765316660.0,adicion,t4
946141708856.0,objetivo,t6
954974580309.0,adicion,t5
968580584826.0,objetivo,t6
60609450932.0,adicion,t6
62006089274.0,objetivo,t5
85521286905.0,objetivo,t6
124174128960.0,objetivo,t6
133962624408.0,adicion,t5
237540350518.0,adicion,t5
322123256555.0,adicion,t6
333634747856.0,objetivo,t6
341898899086.0,adicion,t6
384362585924.0,adicion,t5
398835130232.0,adicion,t3
402112256118.0,adicion,t6
412997366169.0,objetivo,t6
457296897289.0,objetivo,t7
500783249467.0,objetivo,t5
543227407290.0,adicion,t1
630127713850.0,objetivo,t7
645352571976.0,objetivo,t4
697120731626.0,objetivo,t3
800685422343.0,adicion,t1
816862255359.0,adicion,t6
854600957431.0,adicion,t5
898942588415.0,objetivo,t6
903025175795.0,adicion,t5
950160395548.0,adicion,t5
954966461102.0,objetivo,t6
977863436222.0,objetivo,t4
3706701783.0,objetivo,t4
4389052337.0,adicion,t5
40157522172.0,objetivo,t5
54794810897.0,objetivo,t5
57418863526.0,adicion,t5
97411711978.0,adicion,t1
120328576839.0,objetivo,t1
121210083630.0,objetivo,t5
153896204319.0,adicion,t5
186486903652.0,objetivo,t4
205086085694.0,objetivo,t5
226272268916.0,objetivo,t4
379578347743.0,objetivo,t7
390377150604.0,objetivo,t6
431454810931.0,adicion,t2
435780078764.0,objetivo,t3
448922571355.0,objetivo,t6
448953098711.0,adicion,t4
460342643674.0,objetivo,t6
462539400397.0,objetivo,t6
482396732882.0,adicion,t6
518069378948.0,adicion,t5
522230267504.0,objetivo,t6
530947387290.0,adicion,t4
537832650694.0,adicion,t4
568072003671.0,objetivo,t5
610395820048.0,adicion,t1
645124135097.0,adicion,t6
689778752655.0,adicion,t4
771914771486.0,adicion,t5
773545963310.0,objetivo,t5
796412392573.0,adicion,t4
823772262938.0,objetivo,t7
828735361863.0,objetivo,t5
834430174064.0,objetivo,t5
883990402178.0,adicion,t4
949620509088.0,adicion,t7
987075842749.0,objetivo,t5
17885950920.0,objetivo,t5
22400978625.0,adicion,t6
56369063434.0,objetivo,t6
67075804029.0,objetivo,t7
116121825704.0,adicion,t6
180516230859.0,adicion,t5
229753454250.0,adicion,t2
238727699813.0,objetivo,t6
265955189001.0,adicion,t4
288779363162.0,adicion,t5
344851336493.0,adicion,t2
365248876731.0,adicion,t5
390541887656.0,adicion,t6
436606054092.0,adicion,t5
450796582668.0,objetivo,t5
461089214821.0,objetivo,t6
479667069828.0,adicion,t8
515671517074.0,adicion,t1
573319809020.0,adicion,t3
573320554486.0,adicion,t2
584635112833.0,adicion,t5
597216542816.0,adicion,t3
692718540079.0,objetivo,t5
708849321803.0,adicion,t6
761995090970.0,adicion,t6
764717084325.0,objetivo,t7
827824929068.0,objetivo,t6
840503568267.0,adicion,t5
843867873136.0,objetivo,t7
870712327407.0,adicion,t6
896152705204.0,adicion,t4
949135546122.0,adicion,t4
23301398521.0,objetivo,t5
38770768986.0,objetivo,t5
110384110170.0,adicion,t4
110814090371.0,adicion,t1
113914712277.0,adicion,t5
117925192617.0,adicion,t6
280490485025.0,objetivo,t3
296040934736.0,adicion,t6
318746221269.0,adicion,t4
325034534713.0,adicion,t6
368777422956.0,adicion,t4
379630024299.0,objetivo,t4
385010793083.0,adicion,t6
393907328089.0,adicion,t5
436060552942.0,objetivo,t6
458554127312.0,adicion,t6
490250394133.0,adicion,t6
513901897920.0,adicion,t4
564562299726.0,adicion,t6
667277878383.0,adicion,t5
683598980791.0,adicion,t5
684406229047.0,objetivo,t4
688245692747.0,adicion,t6
706947836920.0,objetivo,t6
719633912923.0,adicion,t6
731054423665.0,objetivo,t5
731613903595.0,adicion,t5
733636189612.0,objetivo,t5
793168806691.0,objetivo,t5
862755092433.0,objetivo,t5
871941794037.0,objetivo,t5
934014252134.0,adicion,t5
955350652947.0,adicion,t5
958515193847.0,adicion,t3
23152517342.0,adicion,t1
24916484752.0,adicion,t3
25493816607.0,objetivo,t2
29863069472.0,objetivo,t5
71899508893.0,objetivo,t6
83623416754.0,adicion,t4
115586250321.0,adicion,t6
130857889210.0,adicion,t2
190739887937.0,adicion,t5
246930113550.0,adicion,t6
252629493648.0,objetivo,t3
266738474733.0,adicion,t5
390053652084.0,objetivo,t4
416387050764.0,objetivo,t7
454235294167.0,adicion,t7
467086079501.0,adicion,t4
535545609320.0,objetivo,t6
562444376662.0,adicion,t2
598042151998.0,adicion,t5
611953610171.0,adicion,t3
702147994929.0,adicion,t5
729079131586.0,objetivo,t4
794889770004.0,objetivo,t5
812893879079.0,objetivo,t4
816620004943.0,adicion,t6
916796385435.0,adicion,t6
987864989596.0,objetivo,t4
988946023999.0,objetivo,t7
56626582227.0,adicion,t6
68664509799.0,objetivo,t6
115589358199.0,adicion,t5
126149347428.0,adicion,t6
257415710247.0,objetivo,t6
304499604704.0,adicion,t5
329568650256.0,objetivo,t5
353273990921.0,adicion,t6
366767906934.0,adicion,t5
423415789603.0,adicion,t3
446808986151.0,adicion,t6
512024317505.0,adicion,t4
547128029374.0,adicion,t4
547785874815.0,adicion,t7
555505976437.0,objetivo,t5
579266540264.0,adicion,t6
731324601073.0,adicion,t6
783942177812.0,adicion,t4
865377263307.0,objetivo,t2
886894605282.0,objetivo,t3
939168652379.0,objetivo,t3
947112283598.0,adicion,t5
950386368163.0,objetivo,t4
998017358379.0,adicion,t4
968536700.0,adicion,t1
73465418824.0,objetivo,t6
141740436273.0,adicion,t5
143116382175.0,adicion,t3
145700867950.0,objetivo,t5
165458975674.0,adicion,t5
168037859834.0,adicion,t5
182050450685.0,adicion,t5
191576761390.0,adicion,t6
198250018220.0,objetivo,t3
267362422546.0,adicion,t6
276316877439.0,objetivo,t7
322227846858.0,objetivo,t5
323232865494.0,objetivo,t5
338593970028.0,adicion,t6
383355447347.0,objetivo,t6
416700718548.0,objetivo,t7
418400373933.0,objetivo,t5
451874397612.0,adicion,t7
464865487550.0,objetivo,t5
493816162255.0,adicion,t6
534919624720.0,adicion,t1
552218153930.0,adicion,t3
568920746096.0,adicion,t5
578143918716.0,objetivo,t4
634524168901.0,adicion,t5
703680717379.0,adicion,t1
713434199319.0,objetivo,t4
751876141324.0,adicion,t6
763899811079.0,adicion,t4
770791773185.0,adicion,t6
799519774063.0,objetivo,t4
821826655025.0,objetivo,t6
894327295905.0,adicion,t5
933246304206.0,objetivo,t6
947122850101.0,adicion,t2
977969752936.0,objetivo,t6
3030304325.0,adicion,t4
43761316253.0,adicion,t6
64040632649.0,objetivo,t7
70778280918.0,adicion,t1
99569562089.0,objetivo,t7
100321825726.0,objetivo,t2
107043215444.0,adicion,t4
110525876902.0,objetivo,t6
136460374828.0,adicion,t3
189038830309.0,objetivo,t6
222023482113.0,adicion,t3
233542900603.0,objetivo,t6
276635927001.0,adicion,t4
338526949378.0,objetivo,t5
349540478050.0,objetivo,t5
359180841109.0,adicion,t6
365827307319.0,adicion,t1
383955486564.0,objetivo,t6
392780268677.0,adicion,t6
411112353985.0,objetivo,t6
427326526810.0,adicion,t5
534895448032.0,objetivo,t6
553429304254.0,objetivo,t6
580560387365.0,adicion,t6
586453678291.0,adicion,t6
612970616583.0,objetivo,t6
641403088714.0,adicion,t6
671514749024.0,objetivo,t2
733783041492.0,objetivo,t6
748599091825.0,objetivo,t7
818005352144.0,adicion,t2
840718210670.0,adicion,t6
841036628633.0,objetivo,t1
843791725768.0,adicion,t6
930256560965.0,adicion,t4
962199340079.0,objetivo,t5
852024357.0,objetivo,t5
29814289980.0,adicion,t5
61768430075.0,adicion,t6
69086584166.0,objetivo,t6
114231233407.0,adicion,t3
128575812300.0,objetivo,t6
149740251398.0,objetivo,t5
172250132588.0,objetivo,t6
186497794260.0,objetivo,t5
189333137177.0,adicion,t5
332409276385.0,adicion,t5
379463786044.0,adicion,t6
420344734865.0,objetivo,t5
440850429809.0,objetivo,t4
497835060946.0,objetivo,t5
510621021835.0,adicion,t5
521103984079.0,objetivo,t5
586032317242.0,adicion,t7
608091844349.0,objetivo,t4
692492509537.0,objetivo,t5
706592979758.0,objetivo,t3
732201531882.0,adicion,t3
884973507523.0,adicion,t6
894446208488.0,adicion,t1
915771373447.0,adicion,t6
917844032599.0,adicion,t6
928596047709.0,objetivo,t5
941404906233.0,objetivo,t6
955513313052.0,adicion,t5
965423762821.0,objetivo,t6
985099343174.0,adicion,t5
989560718624.0,objetivo,t2
993495278179.0,adicion,t3
6238931374.0,objetivo,t3
36057951158.0,objetivo,t2
85865622591.0,adicion,t6
100310969857.0,objetivo,t7
118386312684.0,objetivo,t6
131947037927.0,adicion,t3
134259539177.0,objetivo,t6
154786377788.0,adicion,t5
160618584085.0,objetivo,t4
172216533794.0,objetivo,t5
180256063826.0,adicion,t4
250759986586.0,objetivo,t6
260277195680.0,objetivo,t1
288061356593.0,objetivo,t5
433633804859.0,adicion,t5
473487144128.0,objetivo,t6
474525679440.0,adicion,t1
561395779284.0,adicion,t5
596036127914.0,adicion,t6
690783317947.0,adicion,t5
766565218793.0,objetivo,t7
766624329401.0,adicion,t7
797724783810.0,objetivo,t6
803327401531.0,objetivo,t3
826443501514.0,objetivo,t5
881191025354.0,adicion,t5
938594199809.0,objetivo,t4
957957063432.0,objetivo,t6
988703300642.0,objetivo,t6
18823753616.0,objetivo,t7
72401065735.0,objetivo,t5
78778626734.0,adicion,t5
83886770844.0,objetivo,t7
96267819432.0,adicion,t6
112562643462.0,objetivo,t7
117204245292.0,adicion,t7
143008221358.0,adicion,t6
146797795945.0,adicion,t6
199138089298.0,adicion,t4
204057335672.0,objetivo,t6
222051095059.0,objetivo,t3
278823178590.0,objetivo,t6
309955295624.0,adicion,t5
327956425986.0,objetivo,t6
385152448876.0,objetivo,t6
386262303040.0,adicion,t5
393236618246.0,adicion,t5
447170198540.0,objetivo,t8
506682952594.0,adicion,t4
586795990069.0,objetivo,t5
645735896129.0,objetivo,t6
673568327059.0,objetivo,t3
771893806247.0,objetivo,t4
798405170770.0,adicion,t3
825351766472.0,objetivo,t5
843550853169.0,adicion,t1
845755279915.0,objetivo,t5
851134224850.0,objetivo,t6
869119449356.0,objetivo,t7
873033111148.0,adicion,t4
888525937391.0,objetivo,t6
894521553167.0,adicion,t6
922203462593.0,objetivo,t3
17090104030.0,adicion,t4
46562548097.0,adicion,t2
177658292998.0,adicion,t6
189189565907.0,objetivo,t7
190377510284.0,objetivo,t2
302203332210.0,objetivo,t4
308767235947.0,objetivo,t6
352004997293.0,objetivo,t4
355716421229.0,adicion,t5
402856236697.0,objetivo,t5
435028405460.0,objetivo,t6
440665496520.0,objetivo,t6
540721404724.0,adicion,t6
545328375818.0,adicion,t1
594131390726.0,adicion,t3
607130043991.0,objetivo,t5
677414924331.0,adicion,t7
715405082078.0,objetivo,t7
724163585628.0,objetivo,t7
729349710573.0,objetivo,t5
740972178252.0,objetivo,t6
768205408505.0,objetivo,t7
868469964222.0,adicion,t5
882116819867.0,adicion,t4
951965249712.0,adicion,t4
959949960628.0,objetivo,t1
9680869362.0,objetivo,t2
39557923060.0,objetivo,t6
40555193589.0,objetivo,t6
82580351293.0,adicion,t6
101576271357.0,adicion,t6
105048771960.0,objetivo,t5
144641854751.0,adicion,t3
160614990230.0,adicion,t6
185764931892.0,objetivo,t5
190885908556.0,adicion,t3
230695192105.0,adicion,t1
240659222269.0,objetivo,t3
256228760949.0,objetivo,t8
277940207657.0,adicion,t3
320505914583.0,adicion,t6
321349671543.0,objetivo,t7
369781833689.0,objetivo,t4
405085953425.0,objetivo,t1
408634367874.0,objetivo,t6
545935765547.0,objetivo,t5
565756278459.0,objetivo,t3
575376044769.0,objetivo,t6
594462545662.0,adicion,t6
615341151245.0,adicion,t3
617990594881.0,objetivo,t5
623626503164.0,adicion,t6
646627406585.0,adicion,t4
723490978497.0,adicion,t5
797280264812.0,objetivo,t7
834771118035.0,adicion,t4
844444838792.0,objetivo,t7
853611180557.0,objetivo,t6
868061379473.0,adicion,t2
869378987449.0,objetivo,t3
877474185823.0,adicion,t2
884399390301.0,adicion,t5
919175334354.0,objetivo,t6
27998115542.0,adicion,t6
74293388195.0,adicion,t5
77478134650.0,objetivo,t7
110297320987.0,adicion,t3
170013733937.0,objetivo,t5
194863102767.0,adicion,t5
227114800805.0,objetivo,t5
237167645838.0,objetivo,t6
241023334072.0,adicion,t6
243759065990.0,objetivo,t4
246025439476.0,objetivo,t6
264835013952.0,objetivo,t3
276129261243.0,adicion,t6
373373600301.0,objetivo,t5
400840664337.0,objetivo,t6
464771453045.0,adicion,t1
474666493616.0,objetivo,t6
482087157114.0,adicion,t6
489618260775.0,objetivo,t7
500117488391.0,adicion,t1
500486628886.0,adicion,t2
568220593550.0,adicion,t6
602471717414.0,adicion,t7
604577538294.0,objetivo,t4
614743417850.0,objetivo,t5
630265249336.0,adicion,t7
671653399205.0,objetivo,t4
747046026390.0,adicion,t5
771247718611.0,adicion,t1
790414113148.0,objetivo,t4
804555110221.0,objetivo,t6
810853607727.0,adicion,t3
884447575129.0,adicion,t2
893559595335.0,adicion,t7
898137648104.0,objetivo,t6
954837912579.0,objetivo,t7
980557017690.0,objetivo,t6
990257699758.0,adicion,t4
110316880074.0,objetivo,t4
123117737029.0,objetivo,t5
145291145993.0,adicion,t7
154756666584.0,objetivo,t5
167839802631.0,objetivo,t7
169383819551.0,adicion,t1
181420609844.0,objetivo,t5
185473761267.0,adicion,t6
186370558664.0,objetivo,t7
209841392818.0,adicion,t4
215864179894.0,adicion,t4
230217472263.0,objetivo,t6
261514358405.0,objetivo,t5
339631161403.0,adicion,t5
342506250896.0,adicion,t6
383292101334.0,objetivo,t7
399501809438.0,objetivo,t7
590725715545.0,adicion,t6
632591718814.0,adicion,t5
684258091132.0,objetivo,t6
776221686130.0,adicion,t3
791833354261.0,adicion,t6
796711917570.0,adicion,t2
798182214553.0,adicion,t5
809161304734.0,adicion,t5
850696812107.0,adicion,t5
900181564583.0,adicion,t4
932501221963.0,objetivo,t3
932864231892.0,objetivo,t6
965730352254.0,adicion,t2
970155206755.0,adicion,t1
987950146886.0,adicion,t6
133164245822.0,adicion,t6
133718389754.0,adicion,t3
370711239721.0,adicion,t6
420206948106.0,objetivo,t6
438181278226.0,objetivo,t6
455195530044.0,objetivo,t5
471679742828.0,adicion,t1
476298802483.0,adicion,t3
491367116027.0,objetivo,t4
502740749959.0,objetivo,t6
559654771106.0,adicion,t5
635261838986.0,objetivo,t6
684392303292.0,adicion,t6
688242418219.0,adicion,t4
691344004161.0,adicion,t6
759032563409.0,adicion,t5
793911495041.0,objetivo,t1
817427787844.0,objetivo,t6
845298364100.0,adicion,t2
874365543012.0,adicion,t3
880677077399.0,objetivo,t6
906547682278.0,adicion,t6
48466926102.0,objetivo,t7
68996999859.0,objetivo,t6
95700877185.0,adicion,t6
99418378932.0,objetivo,t5
110392776886.0,adicion,t3
135047166280.0,adicion,t5
151565497497.0,objetivo,t6
171302338687.0,objetivo,t8
190027704956.0,adicion,t6
204810797568.0,objetivo,t6
231067560076.0,objetivo,t4
247407575567.0,objetivo,t7
253323833348.0,adicion,t6
340026100316.0,adicion,t5
350537252215.0,objetivo,t6
395657365474.0,objetivo,t6
406723511951.0,objetivo,t4
420837700856.0,objetivo,t2
421257126365.0,objetivo,t5
427391487201.0,adicion,t6
477692214132.0,objetivo,t3
514767811244.0,adicion,t1
525376738602.0,objetivo,t5
587439475542.0,objetivo,t4
632209900655.0,adicion,t6
704181343588.0,adicion,t5
711206246863.0,objetivo,t3
716720194170.0,adicion,t6
764270777845.0,adicion,t5
797577156530.0,adicion,t1
817145710257.0,adicion,t4
846876857180.0,adicion,t5
851100026097.0,objetivo,t2
877945977251.0,adicion,t6
954068004920.0,objetivo,t4
962281388472.0,objetivo,t6
976672178924.0,adicion,t5
30109061458.0,objetivo,t7
38983615469.0,adicion,t6
68456899700.0,objetivo,t6
73050738024.0,adicion,t3
111865529571.0,objetivo,t1
128763413367.0,adicion,t4
135311581333.0,adicion,t4
186110177368.0,adicion,t2
246976359937.0,objetivo,t5
323647001663.0,objetivo,t5
347909298372.0,objetivo,t3
465538117216.0,adicion,t5
466570406015.0,adicion,t4
473686688775.0,adicion,t6
487154103964.0,objetivo,t5
507199552108.0,adicion,t3
627023656001.0,objetivo,t5
635646663070.0,objetivo,t4
638998563223.0,objetivo,t4
650207883641.0,objetivo,t6
672705436816.0,adicion,t3
701073590831.0,objetivo,t6
800716004120.0,adicion,t4
849256224951.0,adicion,t3
905898738429.0,adicion,t4
977227623902.0,adicion,t6
980401721554.0,adicion,t6
37897456933.0,adicion,t2
39032499856.0,objetivo,t5
90380235498.0,adicion,t4
129734624462.0,adicion,t6
157943937850.0,objetivo,t5
180980763601.0,adicion,t6
189568151639.0,adicion,t2
193860612201.0,adicion,t4
202782920177.0,adicion,t7
224484972233.0,adicion,t5
241016400399.0,objetivo,t7
328438546460.0,adicion,t2
347230929554.0,adicion,t6
354128860959.0,objetivo,t4
402910914989.0,adicion,t4
404231877065.0,adicion,t6
453262641055.0,objetivo,t6
483420131010.0,adicion,t6
504469963676.0,objetivo,t6
526747257185.0,adicion,t2
639325295758.0,objetivo,t6
673860104986.0,objetivo,t5
677720281693.0,adicion,t4
694139218834.0,adicion,t5
709339280527.0,adicion,t4
729111191281.0,adicion,t6
747521792469.0,objetivo,t5
780605905061.0,objetivo,t6
925535498585.0,adicion,t6
935751762880.0,objetivo,t4
966417184449.0,adicion,t4
986549823053.0,objetivo,t5
994917785888.0,adicion,t1
27388334836.0,adicion,t4
40879433379.0,adicion,t1
45730199829.0,adicion,t3
58715649716.0,objetivo,t7
81708108119.0,adicion,t2
94826584074.0,adicion,t5
166173157902.0,objetivo,t4
257894537646.0,objetivo,t3
267649210566.0,adicion,t7
307715750529.0,objetivo,t4
309538964218.0,adicion,t3
377330415750.0,adicion,t4
437344145818.0,adicion,t6
488612241829.0,adicion,t6
641137347556.0,objetivo,t5
652320653534.0,objetivo,t5
662419429151.0,objetivo,t5
786371526654.0,adicion,t6
817999606194.0,objetivo,t3
838714942757.0,objetivo,t7
893151563941.0,objetivo,t6
925501930810.0,adicion,t6
958151188728.0,adicion,t1
958499443447.0,adicion,t5
963865277973.0,adicion,t5
20069548805.0,adicion,t5
57779403608.0,objetivo,t4
92785533267.0,objetivo,t5
103149242229.0,objetivo,t5
108287640110.0,adicion,t7
239912628112.0,adicion,t6
257568542390.0,adicion,t6
333677743265.0,adicion,t6
356741987012.0,adicion,t5
361230707237.0,adicion,t5
449836224661.0,objetivo,t7
474908664933.0,objetivo,t6
487793814285.0,objetivo,t7
500506792977.0,objetivo,t6
549379259309.0,adicion,t3
549630468342.0,adicion,t5
591793220446.0,adicion,t5
596687022760.0,objetivo,t5
618072448660.0,objetivo,t2
666838293654.0,adicion,t6
751132914883.0,adicion,t1
781390909212.0,objetivo,t5
802165977496.0,adicion,t5
813776501601.0,adicion,t6
863407867625.0,adicion,t6
931020800388.0,adicion,t5
944517587186.0,adicion,t4
106714072800.0,objetivo,t5
142676644002.0,adicion,t6
150554402328.0,objetivo,t5
204554144603.0,objetivo,t5
222395020718.0,adicion,t3
283176532631.0,adicion,t6
320195375591.0,objetivo,t1
330942892952.0,adicion,t1
342226665154.0,adicion,t1
485065912197.0,objetivo,t5
536040496207.0,objetivo,t6
549018774598.0,adicion,t2
636022389341.0,objetivo,t6
690531496403.0,adicion,t3
730041060698.0,adicion,t5
745752758689.0,adicion,t5
762231581552.0,objetivo,t5
783781085110.0,objetivo,t6
794841102992.0,adicion,t4
887020695307.0,objetivo,t6
929925026318.0,adicion,t6
955649297058.0,objetivo,t5
999298331537.0,adicion,t4
90387311513.0,adicion,t5
120891102557.0,objetivo,t6
153605636915.0,objetivo,t5
189249827364.0,adicion,t1
200403971057.0,objetivo,t7
202617617946.0,objetivo,t6
278549334099.0,adicion,t3
303806307992.0,objetivo,t5
327208653004.0,adicion,t1
351245248204.0,objetivo,t6
363286129824.0,objetivo,t3
388580036068.0,adicion,t4
403760733210.0,adicion,t3
437158854180.0,objetivo,t5
453449462514.0,adicion,t6
470975582045.0,objetivo,t6
472139433755.0,adicion,t6
490539602573.0,adicion,t4
509724788522.0,adicion,t6
512475381111.0,objetivo,t7
520678449127.0,objetivo,t7
562997802351.0,adicion,t4
574667921724.0,adicion,t5
576632737375.0,objetivo,t6
596207001219.0,adicion,t6
596672520965.0,adicion,t6
624596671394.0,adicion,t5
657602800954.0,objetivo,t2
720538846556.0,adicion,t7
742050601069.0,adicion,t6
774946800292.0,adicion,t5
775883000635.0,adicion,t4
777390208839.0,adicion,t3
824894666983.0,objetivo,t6
826733057382.0,objetivo,t7
845625201490.0,adicion,t6
956645866469.0,objetivo,t7
979841601390.0,adicion,t6
986765364138.0,objetivo,t6
29670422183.0,objetivo,t5
43547361390.0,objetivo,t4
160340211937.0,objetivo,t6
166777048822.0,adicion,t4
181888288277.0,objetivo,t6
200031023584.0,adicion,t7
227225777117.0,adicion,t6
256081824529.0,objetivo,t5
318382754203.0,adicion,t4
339470169044.0,adicion,t4
430426374926.0,adicion,t5
444717607563.0,adicion,t3
453234531174.0,objetivo,t6
493053149765.0,objetivo,t7
527621159772.0,adicion,t6
622634720183.0,objetivo,t3
627715480498.0,objetivo,t6
628699250469.0,adicion,t5
682349858083.0,objetivo,t7
705953626738.0,adicion,t2
775619961123.0,adicion,t5
853351657097.0,adicion,t5
889265361124.0,adicion,t2
890324388814.0,objetivo,t3
892996836432.0,adicion,t6
903065552882.0,objetivo,t5
908175642235.0,adicion,t5
933783673988.0,objetivo,t4
939823355860.0,adicion,t6
950552140417.0,adicion,t6
994125492176.0,adicion,t4
15195471984.0,adicion,t2
28453003109.0,adicion,t5
71989254099.0,adicion,t3
73154911410.0,objetivo,t6
77639151337.0,objetivo,t6
182351021820.0,adicion,t3
204067963073.0,adicion,t3
279185539912.0,adicion,t4
342289949758.0,adicion,t1
384048346178.0,adicion,t6
408982467402.0,objetivo,t6
468813750305.0,objetivo,t3
491264366390.0,adicion,t6
526070832032.0,objetivo,t5
617510297473.0,adicion,t3
624822425586.0,adicion,t6
646926198402.0,objetivo,t6
657224894580.0,adicion,t1
665219245487.0,adicion,t3
687951590248.0,adicion,t6
688123302027.0,objetivo,t6
704654460225.0,adicion,t6
732441554618.0,objetivo,t4
828125920283.0,adicion,t3
850234286311.0,adicion,t4
862526290946.0,objetivo,t6
868885691599.0,objetivo,t6
3223664401.0,adicion,t2
31936954084.0,adicion,t4
55827344290.0,adicion,t3
56065291853.0,adicion,t2
68705510224.0,objetivo,t6
69191717650.0,objetivo,t6
83091397488.0,adicion,t6
222782264466.0,adicion,t7
281561410773.0,adicion,t5
296110252923.0,objetivo,t5
307121702147.0,adicion,t5
333827157169.0,adicion,t4
403112238783.0,adicion,t6
417473588671.0,adicion,t6
433704276163.0,objetivo,t1
472820890508.0,objetivo,t6
486300981414.0,objetivo,t6
517408669332.0,objetivo,t2
563883063401.0,adicion,t4
624488669720.0,adicion,t1
648666066700.0,objetivo,t4
659882609813.0,adicion,t1
724581482446.0,adicion,t3
727040897124.0,objetivo,t6
737278175337.0,adicion,t7
741897357874.0,adicion,t4
774698703984.0,objetivo,t5
796991785638.0,objetivo,t6
849178804332.0,objetivo,t4
859742662477.0,objetivo,t5
878104796306.0,adicion,t3
881127411284.0,objetivo,t5
927931422281.0,objetivo,t7
953895066398.0,adicion,t5
968694623200.0,adicion,t2
972249067250.0,adicion,t6
978214473497.0,adicion,t3
68401268915.0,adicion,t4
125003078928.0,adicion,t5
168389913372.0,objetivo,t2
199484387721.0,adicion,t1
215358608228.0,adicion,t5
266962884383.0,adicion,t5
271302753808.0,adicion,t6
292943316648.0,objetivo,t6
299449715628.0,adicion,t6
304344960246.0,objetivo,t4
352470791875.0,objetivo,t3
355271566933.0,adicion,t4
411191157340.0,adicion,t6
415801655056.0,objetivo,t5
444803767415.0,objetivo,t7
524308222862.0,objetivo,t5
528827865025.0,adicion,t4
575469368409.0,adicion,t4
622589638697.0,objetivo,t4
627390441701.0,adicion,t5
657668977785.0,adicion,t1
716303288951.0,objetivo,t6
730521742228.0,adicion,t4
737126789338.0,objetivo,t5
742181875579.0,adicion,t5
756974847894.0,adicion,t5
802009449932.0,adicion,t4
823338056100.0,objetivo,t6
998333510123.0,objetivo,t2
22838170782.0,adicion,t4
25584246643.0,objetivo,t3
113360121640.0,adicion,t5
119407117481.0,adicion,t1
126073287459.0,objetivo,t3
127843149877.0,objetivo,t6
186142283025.0,objetivo,t7
190481806897.0,objetivo,t5
240653345397.0,objetivo,t3
279390880161.0,objetivo,t5
296794294291.0,objetivo,t7
342988262624.0,adicion,t5
361065621719.0,adicion,t6
427065357622.0,adicion,t8
441490478651.0,objetivo,t6
456251038394.0,adicion,t2
558528386062.0,objetivo,t5
565793250107.0,adicion,t5
585091473869.0,objetivo,t7
599695832518.0,objetivo,t6
608750086926.0,adicion,t3
627681637812.0,adicion,t5
631023856521.0,adicion,t4
634762349142.0,adicion,t6
703096700757.0,adicion,t4
857528865405.0,objetivo,t6
865874584466.0,adicion,t5
920926128547.0,adicion,t6
956053910407.0,objetivo,t6
958622976195.0,objetivo,t4
986351872351.0,objetivo,t6
13075201039.0,adicion,t2
92284501242.0,adicion,t7
105735164886.0,adicion,t4
124176391240.0,adicion,t1
134755935770.0,objetivo,t7
135373895416.0,objetivo,t6
139152237679.0,adicion,t6
176303328974.0,adicion,t5
233397064186.0,adicion,t3
269721002739.0,objetivo,t6
292302558792.0,adicion,t1
304347096584.0,objetivo,t6
410211416917.0,adicion,t4
432929530921.0,adicion,t3
433884573809.0,adicion,t5
466448053160.0,adicion,t1
526601219158.0,adicion,t6
602664321812.0,objetivo,t5
605801573525.0,objetivo,t4
635085594463.0,adicion,t6
647477598658.0,objetivo,t6
656377045726.0,adicion,t7
697363439657.0,adicion,t6
737320840655.0,adicion,t2
809670238312.0,adicion,t6
819483286308.0,objetivo,t3
826205783319.0,objetivo,t5
837239857733.0,objetivo,t6
860430436781.0,adicion,t7
946937415801.0,adicion,t6
955031204048.0,adicion,t5
987847932361.0,objetivo,t7
61447383111.0,objetivo,t4
106415457022.0,adicion,t6
116820815785.0,adicion,t5
121904640745.0,adicion,t4
201779767627.0,objetivo,t2
205369371553.0,adicion,t2
244305626861.0,objetivo,t5
244656566879.0,adicion,t5
247064429041.0,adicion,t5
281137319764.0,objetivo,t1
291565502443.0,adicion,t6
332403352563.0,adicion,t1
362315745942.0,objetivo,t5
366264180832.0,adicion,t6
385261406183.0,objetivo,t3
431792698282.0,adicion,t5
432048128786.0,adicion,t3
435088799186.0,objetivo,t7
472542906858.0,objetivo,t6
490524465453.0,adicion,t5
552794350415.0,objetivo,t6
572373404060.0,adicion,t5
652359278783.0,adicion,t4
659840814021.0,objetivo,t7
725136743756.0,adicion,t4
762971802378.0,objetivo,t5
765636518188.0,adicion,t5
827263885627.0,adicion,t1
835164933958.0,adicion,t7
845019092460.0,adicion,t5
846445996213.0,adicion,t6
980157468950.0,adicion,t3
15913240148.0,adicion,t6
109429068646.0,objetivo,t7
110711546634.0,objetivo,t5
125226541943.0,adicion,t5
142958877331.0,adicion,t1
233463891000.0,objetivo,t6
255241393260.0,adicion,t6
261849005791.0,objetivo,t6
281737238447.0,objetivo,t5
325455254391.0,adicion,t5
342538623677.0,adicion,t4
347628177018.0,objetivo,t3
351244613802.0,objetivo,t5
374351215663.0,adicion,t6
431562369385.0,adicion,t4
434045680245.0,adicion,t6
470154425270.0,adicion,t5
498823308516.0,objetivo,t6
511900375266.0,objetivo,t4
523939452435.0,objetivo,t5
537609839469.0,adicion,t3
562054151436.0,objetivo,t6
575248796169.0,objetivo,t6
584622087919.0,adicion,t5
585575118452.0,objetivo,t5
606238191497.0,objetivo,t6
659069613866.0,objetivo,t4
664185824794.0,objetivo,t2
664609543053.0,adicion,t6
707089998813.0,adicion,t6
732212110256.0,adicion,t6
743547883136.0,objetivo,t6
744007283022.0,objetivo,t4
768446268149.0,adicion,t6
808870135826.0,adicion,t2
857297123680.0,objetivo,t3
911305456481.0,objetivo,t6
918398778395.0,adicion,t6
934203463159.0,adicion,t7
26390546511.0,adicion,t3
73936636935.0,objetivo,t5
77324633725.0,objetivo,t5
169071509493.0,objetivo,t7
210619361270.0,objetivo,t6
211753637929.0,adicion,t5
215161112534.0,objetivo,t5
218104689364.0,adicion,t6
279466296921.0,objetivo,t4
334236133449.0,objetivo,t4
364491305516.0,objetivo,t5
390987353743.0,objetivo,t6
399518575262.0,adicion,t1
436629761258.0,objetivo,t6
535481696942.0,adicion,t5
539279223709.0,adicion,t1
568461110902.0,objetivo,t1
587927161242.0,adicion,t5
621271780133.0,objetivo,t5
673126319392.0,adicion,t6
778911903311.0,adicion,t4
788591216062.0,objetivo,t7
805155728490.0,objetivo,t5
847311978014.0,objetivo,t5
848127040042.0,adicion,t3
867149085257.0,adicion,t1
891169469563.0,adicion,t4
894510540483.0,objetivo,t6
896635087145.0,objetivo,t4
907067014094.0,adicion,t6
10651803418.0,adicion,t3
14292818372.0,objetivo,t6
14760414052.0,objetivo,t5
43989497014.0,objetivo,t6
64825549772.0,adicion,t5
112295509220.0,adicion,t7
169280088920.0,objetivo,t4
192274979427.0,objetivo,t6
219037096787.0,adicion,t7
234100386790.0,objetivo,t6
270203935781.0,objetivo,t7
307052721102.0,adicion,t6
320164429344.0,objetivo,t7
327395378666.0,objetivo,t6
330666169879.0,adicion,t5
377891093383.0,adicion,t3
388487926484.0,adicion,t2
392663091460.0,adicion,t6
398736179395.0,adicion,t6
405015838174.0,objetivo,t6
604313053598.0,objetivo,t3
638793860793.0,objetivo,t6
639457048269.0,adicion,t6
712739969490.0,adicion,t4
726895213987.0,adicion,t1
734744137570.0,objetivo,t4
738880273271.0,objetivo,t5
745707085070.0,adicion,t5
759371629222.0,adicion,t6
779762459029.0,objetivo,t6
792884961634.0,objetivo,t7
848828838179.0,adicion,t2
902980706289.0,objetivo,t6
959696909682.0,adicion,t4
17149446193.0,adicion,t3
83925316804.0,adicion,t7
168920262979.0,objetivo,t8
175266421079.0,adicion,t5
201649737704.0,adicion,t6
245424057658.0,objetivo,t5
264521576149.0,adicion,t6
318383402938.0,objetivo,t4
335255773038.0,adicion,t3
354181360621.0,objetivo,t5
359806667481.0,adicion,t6
383505675527.0,adicion,t1
385675332209.0,adicion,t5
410552821472.0,adicion,t5
423951838269.0,adicion,t6
443433316103.0,adicion,t7
447072356266.0,adicion,t1
483495066296.0,adicion,t7
508567555897.0,adicion,t2
569885621589.0,adicion,t2
607997279378.0,adicion,t7
663857178846.0,objetivo,t4
675495779603.0,objetivo,t5
707887442601.0,objetivo,t7
717086392063.0,objetivo,t6
741149376719.0,adicion,t6
814882124933.0,adicion,t4
821736646059.0,adicion,t6
898986916651.0,objetivo,t6
940710946792.0,objetivo,t7
941426698915.0,adicion,t4
985587746233.0,adicion,t6
1038816690.0,adicion,t6
3483665916.0,adicion,t5
10238925777.0,objetivo,t3
12928058246.0,objetivo,t7
26853838280.0,adicion,t5
69530640181.0,adicion,t1
122282176187.0,adicion,t6
180712956178.0,adicion,t4
222625465989.0,objetivo,t6
239958930592.0,objetivo,t4
305866719901.0,adicion,t5
321898051540.0,objetivo,t7
354501413393.0,adicion,t3
362654086694.0,objetivo,t6
371232280971.0,adicion,t1
462243832802.0,objetivo,t4
487333300700.0,adicion,t5
538070429561.0,objetivo,t4
604556714227.0,objetivo,t5
664040956733.0,adicion,t6
702110369509.0,objetivo,t5
712048648749.0,adicion,t2
729646805287.0,objetivo,t5
756032006855.0,adicion,t6
831793087195.0,adicion,t4
846253067130.0,objetivo,t3
901300451402.0,objetivo,t4
956264697750.0,adicion,t4
965715116445.0,objetivo,t5
24937965877.0,objetivo,t5
37991392089.0,adicion,t6
67105917630.0,objetivo,t5
70432271760.0,adicion,t6
136971390430.0,adicion,t4
192132531016.0,objetivo,t7
192981361767.0,objetivo,t1
194506522521.0,adicion,t3
223586454363.0,adicion,t7
225080779115.0,objetivo,t4
239239772401.0,objetivo,t6
247933140226.0,adicion,t4
277211232578.0,objetivo,t7
311690582527.0,objetivo,t3
330504343053.0,objetivo,t5
332443394847.0,adicion,t5
332779535942.0,adicion,t7
364346631571.0,objetivo,t2
399267429875.0,adicion,t3
414455949219.0,adicion,t4
440494510117.0,objetivo,t6
454159752150.0,objetivo,t6
466081773631.0,adicion,t5
575577809513.0,adicion,t6
595534806241.0,adicion,t4
614124789878.0,objetivo,t5
620289783769.0,adicion,t6
622887615320.0,objetivo,t6
631626933970.0,adicion,t1
655287198693.0,objetivo,t4
669407435175.0,adicion,t4
687646210460.0,adicion,t3
695113339462.0,adicion,t2
743951876118.0,objetivo,t5
833462421497.0,adicion,t3
909801411214.0,objetivo,t5
987051694509.0,adicion,t4
80460904470.0,adicion,t5
80748036939.0,objetivo,t5
83316610016.0,objetivo,t5
111499207094.0,objetivo,t7
140791592418.0,adicion,t6
141754418345.0,adicion,t4
152886834849.0,objetivo,t6
160331694435.0,adicion,t6
183774454538.0,adicion,t5
201582016920.0,adicion,t8
222276663724.0,objetivo,t5
251510818050.0,objetivo,t6
258190188575.0,objetivo,t3
299847484474.0,objetivo,t6
306097855303.0,adicion,t5
319425723766.0,objetivo,t5
323972904414.0,adicion,t6
342696976369.0,adicion,t5
376418792233.0,objetivo,t6
416193224613.0,objetivo,t5
430163979042.0,adicion,t6
442754567515.0,adicion,t3
546143757695.0,objetivo,t6
580345458326.0,adicion,t4
594090076226.0,adicion,t6
666708199498.0,adicion,t5
703674379246.0,objetivo,t5
809417059101.0,objetivo,t7
853933061902.0,objetivo,t5
867383220152.0,objetivo,t3
868486022647.0,adicion,t6
902306996990.0,adicion,t6
911021898828.0,adicion,t6
957295233661.0,adicion,t4
21311608166.0,objetivo,t4
25270680194.0,objetivo,t4
90179979723.0,adicion,t3
122700864956.0,adicion,t5
147470316748.0,adicion,t5
188720566738.0,adicion,t1
213881151955.0,objetivo,t6
240817170005.0,objetivo,t1
323533589410.0,objetivo,t6
328022409547.0,objetivo,t7
438946878105.0,adicion,t6
506890477146.0,adicion,t6
526040479969.0,adicion,t6
539525647448.0,adicion,t5
551208255949.0,adicion,t3
579516981933.0,adicion,t2
633515396210.0,adicion,t6
638826181886.0,adicion,t5
685972640341.0,objetivo,t7
739032747489.0,adicion,t6
762799901240.0,adicion,t5
763322847806.0,objetivo,t4
778276147544.0,adicion,t2
794778961537.0,adicion,t3
801429064960.0,objetivo,t7
806668460342.0,adicion,t6
838333929692.0,objetivo,t6
848427978406.0,adicion,t6
876009611355.0,adicion,t6
879067753138.0,adicion,t3
915916998437.0,objetivo,t5
918289953872.0,adicion,t5
982334827857.0,objetivo,t5
1961385909.0,adicion,t6
13836886497.0,objetivo,t5
14296618166.0,objetivo,t2
28815347032.0,objetivo,t7
107985838099.0,objetivo,t5
145114903667.0,adicion,t6
154066609263.0,adicion,t1
186402787098.0,adicion,t3
194274323443.0,adicion,t1
223366925812.0,objetivo,t6
236876690546.0,objetivo,t5
241099656759.0,objetivo,t7
265576197215.0,adicion,t5
273421181918.0,objetivo,t6
343729127310.0,objetivo,t3
456881585211.0,adicion,t3
479359079006.0,objetivo,t6
528930308337.0,adicion,t6
542421190067.0,adicion,t6
572574094582.0,adicion,t6
583178285453.0,objetivo,t6
645805834961.0,adicion,t5
670710958823.0,objetivo,t5
674401461737.0,adicion,t4
677291875418.0,adicion,t5
696560357177.0,adicion,t2
714366406818.0,adicion,t3
729199890237.0,adicion,t3
732813127332.0,objetivo,t1
763275770685.0,objetivo,t6
811845341445.0,adicion,t3
812755042821.0,objetivo,t6
859042439673.0,adicion,t6
914754413059.0,objetivo,t5
116055918297.0,adicion,t5
116058205994.0,adicion,t4
118869848702.0,objetivo,t5
154507202266.0,objetivo,t6
189730039055.0,adicion,t7
196348378250.0,objetivo,t5
236171033492.0,adicion,t5
240684884483.0,adicion,t6
245378838843.0,objetivo,t4
314237099264.0,adicion,t5
379935374919.0,adicion,t5
389809735115.0,adicion,t5
432598845028.0,adicion,t7
446010671857.0,adicion,t5
447378304071.0,adicion,t5
467853636285.0,objetivo,t5
476249167112.0,adicion,t3
486198633764.0,objetivo,t6
508405164952.0,adicion,t4
533129275712.0,objetivo,t4
576596982429.0,adicion,t5
611322201527.0,adicion,t5
644030700363.0,objetivo,t6
650788246731.0,adicion,t4
659887644941.0,objetivo,t4
663468977659.0,objetivo,t5
721582714467.0,objetivo,t7
725229047200.0,objetivo,t6
756050842574.0,objetivo,t6
761663577462.0,adicion,t1
766409262675.0,objetivo,t4
789251199574.0,objetivo,t7
838702584235.0,adicion,t3
972778044739.0,objetivo,t6
991821159434.0,adicion,t5
38681224403.0,objetivo,t6
40531911921.0,adicion,t6
244786023467.0,adicion,t6
319201618628.0,objetivo,t6
343357453170.0,adicion,t5
346113958130.0,adicion,t1
367705719938.0,adicion,t7
407044644645.0,adicion,t3
436318812357.0,objetivo,t6
436971501194.0,adicion,t7
441223117350.0,adicion,t6
511125940958.0,objetivo,t6
511135071661.0,adicion,t4
550359848023.0,objetivo,t2
591210586271.0,objetivo,t3
638331128498.0,adicion,t5
660720612259.0,objetivo,t6
690147306486.0,objetivo,t4
727456780493.0,objetivo,t6
731559325843.0,adicion,t6
774699862199.0,objetivo,t4
803161911598.0,adicion,t5
837830118102.0,adicion,t5
844276583194.0,objetivo,t6
850209820543.0,objetivo,t4
884130007169.0,objetivo,t6
914042294038.0,adicion,t2
926278764505.0,adicion,t6
929056636870.0,objetivo,t7
958278593913.0,adicion,t4
974209332261.0,adicion,t5
980333414931.0,adicion,t7
992501785125.0,objetivo,t3
6763840484.0,adicion,t5
16379026860.0,adicion,t5
71987331917.0,objetivo,t7
82574778507.0,adicion,t5
94899951875.0,adicion,t5
130370415935.0,objetivo,t6
140881652696.0,objetivo,t6
156050426507.0,adicion,t1
306699378590.0,adicion,t6
334449769390.0,objetivo,t6
347993194326.0,objetivo,t6
358437350171.0,adicion,t6
408458998906.0,objetivo,t7
445424648792.0,adicion,t6
464969618709.0,objetivo,t4
531594896676.0,adicion,t3
537633046830.0,objetivo,t5
572336431165.0,adicion,t7
584705809694.0,adicion,t6
648009303774.0,adicion,t7
661907524179.0,adicion,t1
665736173877.0,objetivo,t3
693330210119.0,objetivo,t6
706653501885.0,objetivo,t6
712714320296.0,objetivo,t6
731411022353.0,objetivo,t7
744938773119.0,adicion,t5
766478024214.0,objetivo,t5
820071243364.0,adicion,t1
826062820801.0,objetivo,t2
872590595299.0,objetivo,t4
944680779837.0,adicion,t1
91436923238.0,objetivo,t6
112303088747.0,adicion,t7
120254783858.0,objetivo,t6
182046681913.0,adicion,t1
260290426025.0,adicion,t4
262864295004.0,adicion,t6
272002161815.0,adicion,t6
322141421890.0,objetivo,t5
345851546276.0,objetivo,t6
398710908011.0,objetivo,t6
416482500562.0,adicion,t1
434205726454.0,adicion,t6
494493420399.0,objetivo,t3
576775879723.0,adicion,t2
605743142033.0,adicion,t6
688347418200.0,adicion,t6
690621508598.0,adicion,t5
718123320467.0,adicion,t4
730965083879.0,adicion,t5
733896596767.0,adicion,t7
835208779179.0,objetivo,t7
859342694903.0,adicion,t5
881928871300.0,adicion,t7
911694901344.0,adicion,t6
912278471216.0,adicion,t5
914725196811.0,adicion,t3
932404274940.0,adicion,t2
939370325364.0,adicion,t6
941084829848.0,adicion,t3
974098682711.0,adicion,t5
991058356159.0,adicion,t6
24398052970.0,objetivo,t6
148209012812.0,adicion,t6
163912666933.0,adicion,t6
177210171013.0,adicion,t5
188787807171.0,objetivo,t4
207770313035.0,adicion,t5
214502134257.0,adicion,t5
223690117518.0,objetivo,t5
285426994466.0,adicion,t6
353170480623.0,objetivo,t5
357135338326.0,adicion,t4
366329896080.0,objetivo,t5
382479084710.0,adicion,t3
453971171949.0,objetivo,t6
528296791451.0,objetivo,t4
562550126243.0,objetivo,t6
626565407712.0,objetivo,t7
638913577485.0,objetivo,t2
654885983584.0,objetivo,t1
707191996634.0,objetivo,t4
748106448100.0,adicion,t7
761312247119.0,adicion,t1
784277369639.0,objetivo,t5
806295609990.0,adicion,t3
808084065536.0,objetivo,t5
844991164276.0,adicion,t2
880583320843.0,objetivo,t5
19547488404.0,adicion,t7
22036997964.0,objetivo,t4
23330797669.0,objetivo,t7
74270665461.0,objetivo,t5
103519215562.0,objetivo,t6
114743929370.0,adicion,t4
122626631461.0,objetivo,t2
176382772845.0,adicion,t5
327624784289.0,objetivo,t4
348039902741.0,adicion,t4
371780303443.0,adicion,t4
431326446631.0,adicion,t1
570748621023.0,objetivo,t7
572127493463.0,adicion,t1
600994492047.0,adicion,t3
609327193084.0,objetivo,t4
631001114775.0,adicion,t5
675898214973.0,objetivo,t1
677760895689.0,adicion,t2
817368413123.0,adicion,t6
853300645288.0,adicion,t3
893626831041.0,objetivo,t6
901323437362.0,adicion,t6
912799649672.0,adicion,t3
947882614274.0,objetivo,t6
963684030462.0,adicion,t6
967397365826.0,adicion,t1
986207395125.0,adicion,t6
52578143.0,adicion,t2
13031376004.0,adicion,t5
167307059402.0,adicion,t6
203833470040.0,adicion,t5
245671862555.0,adicion,t8
265483326994.0,adicion,t6
271231225875.0,objetivo,t6
281491227448.0,adicion,t5
287829634667.0,objetivo,t6
351834495850.0,adicion,t4
444227367144.0,adicion,t6
500337118581.0,adicion,t6
603136961240.0,objetivo,t8
622409250626.0,adicion,t6
736971048887.0,objetivo,t3
756434427971.0,objetivo,t3
766589103325.0,objetivo,t5
783865842714.0,objetivo,t2
840652085254.0,objetivo,t5
843078502317.0,objetivo,t7
874257970945.0,objetivo,t4
946492459053.0,adicion,t2
958023275040.0,adicion,t6
79359128363.0,adicion,t6
94149357268.0,objetivo,t7
158829324459.0,adicion,t2
158969185398.0,objetivo,t5
175690702039.0,objetivo,t7
222161223750.0,objetivo,t3
287993057779.0,adicion,t5
330037540381.0,adicion,t5
391922876820.0,objetivo,t1
422986647829.0,objetivo,t6
435845100096.0,adicion,t7
441123967972.0,adicion,t5
451329395093.0,objetivo,t6
464796054742.0,adicion,t1
482984518804.0,objetivo,t5
518358320994.0,adicion,t5
549516188550.0,objetivo,t4
612595566507.0,adicion,t1
640786167434.0,adicion,t5
665436340823.0,objetivo,t5
681028132369.0,adicion,t3
730449633276.0,adicion,t7
731458644173.0,adicion,t6
755728004472.0,adicion,t4
785772369124.0,objetivo,t2
825120152904.0,adicion,t2
834580047878.0,objetivo,t5
851142902846.0,adicion,t6
867880428026.0,adicion,t5
878649552112.0,adicion,t2
914416644033.0,adicion,t5
922198724797.0,objetivo,t3
17959100326.0,objetivo,t6
39919975331.0,objetivo,t5
78401524458.0,objetivo,t5
95427060419.0,objetivo,t5
125446740440.0,objetivo,t5
207011010492.0,adicion,t5
253734536607.0,adicion,t7
263399418398.0,objetivo,t3
299881479902.0,adicion,t3
306307109551.0,adicion,t7
333369967433.0,adicion,t1
343566328109.0,adicion,t5
351167952942.0,adicion,t6
373134128542.0,adicion,t7
419091477374.0,objetivo,t4
423891139990.0,objetivo,t3
492284836933.0,adicion,t5
520232712725.0,adicion,t5
531103624961.0,objetivo,t2
568109794486.0,objetivo,t5
636575594670.0,adicion,t5
647213089102.0,adicion,t7
680323008227.0,objetivo,t5
700315088347.0,objetivo,t5
740057579048.0,adicion,t4
789558802931.0,objetivo,t7
795124164329.0,objetivo,t5
845849765016.0,adicion,t1
872282320252.0,adicion,t1
942430364605.0,adicion,t3
34049862844.0,adicion,t7
70534216521.0,adicion,t4
77587878257.0,adicion,t3
100251222118.0,adicion,t5
109673395926.0,objetivo,t6
120323692358.0,adicion,t1
182276331669.0,adicion,t6
208351720103.0,adicion,t3
239691131708.0,adicion,t4
240265154989.0,adicion,t6
256667107068.0,adicion,t6
272601207359.0,adicion,t5
308096435254.0,adicion,t6
316691453308.0,adicion,t6
350600294609.0,objetivo,t4
418444408098.0,adicion,t4
454926702174.0,objetivo,t4
483464522788.0,objetivo,t7
601859835999.0,adicion,t3
686786463978.0,objetivo,t6
711740758397.0,adicion,t4
760934162174.0,objetivo,t5
888813452164.0,adicion,t6
896857911759.0,adicion,t7
980213357385.0,adicion,t5
989458926053.0,adicion,t6
13122014132.0,adicion,t1
22543152077.0,adicion,t2
54755001300.0,adicion,t2
69049844790.0,objetivo,t5
119913093642.0,objetivo,t2
137470424706.0,adicion,t4
170295250594.0,objetivo,t5
179329009061.0,objetivo,t6
292696034492.0,objetivo,t7
329523497353.0,adicion,t7
343615944006.0,adicion,t2
369183410834.0,adicion,t4
522787202943.0,objetivo,t6
532455293255.0,objetivo,t7
555689546818.0,objetivo,t1
562602747366.0,adicion,t4
600699538092.0,objetivo,t4
691413104084.0,adicion,t5
743034086019.0,objetivo,t6
745162210794.0,adicion,t5
780768629342.0,adicion,t3
793371220870.0,objetivo,t1
795385596260.0,objetivo,t6
804241127169.0,adicion,t7
933441323913.0,objetivo,t7
955481265075.0,objetivo,t6
956363599564.0,objetivo,t5
976835436188.0,objetivo,t5
37874738624.0,adicion,t1
89349091579.0,objetivo,t6
119093656620.0,adicion,t6
147855592538.0,adicion,t1
180311634382.0,objetivo,t7
272326693086.0,objetivo,t5
280646382916.0,adicion,t6
386201617816.0,adicion,t6
400438118312.0,adicion,t5
551932271299.0,objetivo,t4
654151238897.0,adicion,t6
692248841316.0,adicion,t5
704910215687.0,objetivo,t6
706193124971.0,objetivo,t4
740725255073.0,adicion,t6
742785560005.0,objetivo,t6
765647427129.0,adicion,t6
816869516041.0,objetivo,t5
830256542060.0,adicion,t4
848610578158.0,objetivo,t6
953540721146.0,objetivo,t6
980747825687.0,objetivo,t4
985340710226.0,objetivo,t5
71161915318.0,adicion,t5
99146683780.0,adicion,t3
118473100465.0,objetivo,t3
174829600055.0,objetivo,t6
180634027521.0,adicion,t5
194804353469.0,objetivo,t6
206998515250.0,adicion,t6
209030405745.0,adicion,t1
221708591244.0,adicion,t4
227933109948.0,adicion,t6
236911487207.0,adicion,t5
266322961457.0,adicion,t2
443560964882.0,adicion,t6
475748750660.0,objetivo,t5
494053812611.0,objetivo,t6
567243164586.0,adicion,t7
568515737195.0,adicion,t6
626541547427.0,objetivo,t5
631909916794.0,adicion,t5
765283421567.0,adicion,t6
773447946017.0,adicion,t5
839101383938.0,adicion,t6
854198497379.0,objetivo,t6
863921450573.0,adicion,t6
867594770726.0,adicion,t5
902257656413.0,objetivo,t5
905643530791.0,adicion,t2
984674754142.0,objetivo,t5
18518506836.0,objetivo,t6
80234330470.0,adicion,t3
100806146882.0,adicion,t7
121757629118.0,adicion,t1
124219205309.0,adicion,t6
191586036698.0,objetivo,t5
201714246644.0,adicion,t5
250497208879.0,objetivo,t6
303076244361.0,adicion,t6
314671261163.0,adicion,t5
316523674492.0,adicion,t1
327530814554.0,objetivo,t5
334282946717.0,objetivo,t6
368832836380.0,adicion,t5
420743566573.0,adicion,t3
478670483891.0,adicion,t5
480790661565.0,objetivo,t2
527883967219.0,adicion,t6
658676770622.0,objetivo,t6
680723742583.0,adicion,t4
739334370632.0,objetivo,t7
775024388303.0,objetivo,t7
778567077439.0,adicion,t6
851330358605.0,adicion,t5
880562387342.0,objetivo,t6
915983268937.0,adicion,t3
918259739749.0,objetivo,t3
944191662410.0,adicion,t5
969986959609.0,adicion,t1
3172750193.0,adicion,t2
3635401017.0,objetivo,t6
59796678619.0,adicion,t3
70191035995.0,objetivo,t1
102725324626.0,adicion,t5
160897029991.0,objetivo,t4
192932689517.0,adicion,t7
209094626560.0,objetivo,t5
255313408050.0,adicion,t5
264882709768.0,objetivo,t5
269419831162.0,adicion,t5
269603029432.0,objetivo,t5
272490325833.0,adicion,t3
278525365110.0,objetivo,t6
400260015115.0,adicion,t2
418568370660.0,objetivo,t7
423130698635.0,adicion,t6
435711678008.0,objetivo,t7
441216103467.0,adicion,t4
520903486000.0,objetivo,t5
600154351540.0,objetivo,t5
751083588231.0,objetivo,t5
770418091813.0,objetivo,t6
803891416713.0,objetivo,t5
821705754298.0,adicion,t1
941659696246.0,adicion,t5
947627854123.0,objetivo,t5
973664356453.0,objetivo,t4
18775629106.0,objetivo,t3
40548523455.0,adicion,t6
55175179557.0,adicion,t6
61158501466.0,adicion,t1
107308577288.0,adicion,t7
122618808844.0,adicion,t4
153349888167.0,objetivo,t6
163136047373.0,adicion,t4
259012569284.0,adicion,t3
294108949997.0,objetivo,t5
306957906889.0,objetivo,t7
316468832060.0,objetivo,t2
392598842049.0,adicion,t6
401847848499.0,adicion,t6
413649640044.0,adicion,t5
425458018604.0,adicion,t5
523151709078.0,adicion,t6
530243237730.0,adicion,t5
698618756891.0,objetivo,t6
706425842680.0,objetivo,t5
806310729230.0,objetivo,t6
905824261805.0,adicion,t5
914555568316.0,objetivo,t6
922522805356.0,objetivo,t4
950298078904.0,adicion,t4
965610002238.0,objetivo,t4
49702027071.0,adicion,t6
52089643697.0,objetivo,t6
55817365703.0,adicion,t2
74019726141.0,adicion,t7
227126167768.0,objetivo,t6
248332554658.0,objetivo,t3
252186926650.0,adicion,t5
263691499132.0,adicion,t5
293084266526.0,objetivo,t2
324947172323.0,objetivo,t6
330128479404.0,objetivo,t6
345614415659.0,objetivo,t6
385153997412.0,objetivo,t7
417743466689.0,objetivo,t6
427878492360.0,objetivo,t1
440948019599.0,adicion,t6
480042287747.0,adicion,t5
483642980155.0,objetivo,t6
517720390294.0,adicion,t6
538703667365.0,objetivo,t6
558941213425.0,adicion,t1
569337463246.0,adicion,t3
673870670436.0,adicion,t5
692565121838.0,adicion,t5
740071501615.0,objetivo,t6
797618673712.0,adicion,t1
802172662357.0,adicion,t6
817456034287.0,adicion,t7
872692988218.0,adicion,t1
893160071464.0,adicion,t2
911655383012.0,adicion,t4
923764410477.0,objetivo,t4
947820460687.0,objetivo,t6
987757091859.0,adicion,t5
32439578822.0,objetivo,t5
74204934227.0,objetivo,t6
85745546549.0,adicion,t4
242124444162.0,adicion,t6
336324984183.0,objetivo,t6
355446659457.0,objetivo,t6
359323171798.0,objetivo,t5
392044248669.0,objetivo,t5
447597519585.0,adicion,t5
518273238599.0,adicion,t5
613177227199.0,adicion,t4
654125437697.0,adicion,t5
690320519016.0,adicion,t6
690838473202.0,adicion,t6
691540081105.0,adicion,t5
734015949811.0,objetivo,t4
750733973011.0,adicion,t6
810825750977.0,objetivo,t6
877607430063.0,adicion,t3
953727567685.0,adicion,t5
959257247215.0,adicion,t1
988735784903.0,adicion,t5
990895868593.0,objetivo,t6
996204996451.0,adicion,t6
999247399983.0,objetivo,t6
45089832418.0,objetivo,t7
87126148481.0,adicion,t5
172930778047.0,objetivo,t7
184765475750.0,objetivo,t5
192296342898.0,objetivo,t5
247382589555.0,objetivo,t5
295206403052.0,adicion,t3
321914030499.0,adicion,t2
376353283509.0,objetivo,t6
385198175155.0,adicion,t5
421494905707.0,adicion,t4
426876443859.0,objetivo,t5
432505765424.0,objetivo,t6
457288011451.0,objetivo,t7
484761020331.0,adicion,t5
526776121673.0,adicion,t1
552683143373.0,adicion,t3
566347465220.0,objetivo,t6
568130161580.0,objetivo,t6
635829865689.0,adicion,t6
648808636318.0,adicion,t6
672361772886.0,objetivo,t5
702414778917.0,adicion,t6
727346511015.0,objetivo,t6
765764296545.0,adicion,t7
803225653563.0,objetivo,t6
835419111649.0,adicion,t6
836113529007.0,objetivo,t6
864178687706.0,adicion,t5
892732505308.0,objetivo,t5
915994434250.0,adicion,t7
920131676728.0,adicion,t6
995278065349.0,adicion,t5
75850259019.0,objetivo,t5
137790092439.0,adicion,t6
145594638319.0,objetivo,t6
187598050067.0,objetivo,t7
201565160514.0,adicion,t3
246887437297.0,objetivo,t7
255225833047.0,objetivo,t5
284233415687.0,adicion,t5
301906848588.0,objetivo,t6
302448055795.0,adicion,t5
303118730697.0,objetivo,t7
318288798576.0,adicion,t1
319407794603.0,adicion,t4
336955661042.0,adicion,t5
364698163433.0,objetivo,t5
387475617638.0,objetivo,t5
415563188449.0,objetivo,t6
428610100730.0,objetivo,t5
470053752651.0,adicion,t5
500495775270.0,adicion,t1
501978329465.0,adicion,t7
530460624905.0,objetivo,t7
534322292496.0,objetivo,t4
538965726040.0,objetivo,t5
569913217316.0,objetivo,t5
582703130740.0,adicion,t3
624507905385.0,adicion,t1
652670832959.0,adicion,t6
670677910471.0,objetivo,t4
711503228131.0,adicion,t3
732157002896.0,objetivo,t2
741379543260.0,adicion,t7
746900827795.0,adicion,t1
754321935238.0,objetivo,t7
849672287272.0,objetivo,t5
857228074752.0,adicion,t6
949792830621.0,objetivo,t4
983704692993.0,adicion,t2
3749640891.0,objetivo,t1
21755852274.0,adicion,t6
30965606434.0,adicion,t6
31720890073.0,objetivo,t6
79598941714.0,objetivo,t5
118200797310.0,adicion,t7
129236460277.0,objetivo,t3
130336325773.0,adicion,t6
177848510146.0,adicion,t6
195441145974.0,objetivo,t4
209957099124.0,adicion,t4
213996764627.0,adicion,t1
231162014523.0,adicion,t3
247874059489.0,adicion,t5
249233240015.0,objetivo,t3
261250124737.0,objetivo,t5
281115248485.0,adicion,t4
303151494242.0,adicion,t5
354849381593.0,adicion,t4
394136541173.0,adicion,t5
399815111529.0,objetivo,t6
404152771018.0,objetivo,t5
494536455136.0,adicion,t5
496331860696.0,objetivo,t6
507307866948.0,adicion,t6
571248854671.0,adicion,t3
614107004610.0,objetivo,t6
661503889545.0,objetivo,t7
662930788430.0,objetivo,t3
672921404267.0,objetivo,t7
703203732531.0,objetivo,t3
710509054874.0,objetivo,t6
741908597947.0,adicion,t5
754314242671.0,objetivo,t5
856399634108.0,objetivo,t6
867873145103.0,objetivo,t7
911855428576.0,adicion,t1
936952072736.0,adicion,t7
28585327115.0,objetivo,t5
36897553388.0,adicion,t4
44499990422.0,objetivo,t5
101430955488.0,adicion,t6
103299879259.0,adicion,t6
133352448671.0,adicion,t3
284182569184.0,adicion,t6
292327795359.0,objetivo,t3
325027318755.0,adicion,t3
325584708272.0,adicion,t1
339291721192.0,adicion,t6
395100755971.0,objetivo,t5
407557463905.0,adicion,t1
413942430501.0,adicion,t3
501710759551.0,adicion,t4
509150220212.0,objetivo,t4
539724159586.0,adicion,t5
553215762760.0,adicion,t5
555471934883.0,objetivo,t5
641675810271.0,objetivo,t6
700314423209.0,objetivo,t7
719635924982.0,objetivo,t6
727126560735.0,adicion,t1
768042356835.0,objetivo,t5
805433109966.0,adicion,t5
810518688667.0,adicion,t4
883027859814.0,objetivo,t5
927686710968.0,objetivo,t5
942043370488.0,adicion,t6
952586867861.0,objetivo,t5
86289210010.0,objetivo,t6
228021446414.0,adicion,t3
235985311581.0,adicion,t6
255880011403.0,objetivo,t1
260983188806.0,objetivo,t6
275344957612.0,adicion,t5
277114364314.0,adicion,t2
329157355235.0,adicion,t5
461049210141.0,objetivo,t5
471098880880.0,objetivo,t6
490265818520.0,adicion,t5
504656878327.0,objetivo,t8
514238802052.0,adicion,t2
569458758369.0,objetivo,t7
574251023920.0,objetivo,t4
593689029453.0,adicion,t1
600346073882.0,adicion,t6
611008667079.0,adicion,t3
632823055932.0,adicion,t6
678285964368.0,adicion,t6
704461838950.0,objetivo,t5
707131389010.0,adicion,t5
717172961779.0,adicion,t1
782177553505.0,adicion,t5
784766927791.0,objetivo,t6
787384096571.0,objetivo,t5
811513517076.0,objetivo,t2
816481850992.0,adicion,t7
837415625183.0,adicion,t5
837901290419.0,adicion,t5
939417521984.0,objetivo,t6
987707656230.0,adicion,t6
996707177454.0,adicion,t1
998323564374.0,adicion,t3
33317011101.0,objetivo,t5
90358497840.0,adicion,t5
118041725848.0,adicion,t6
213772326450.0,objetivo,t1
247816769673.0,adicion,t2
274960774975.0,adicion,t5
283674800128.0,objetivo,t6
287491340719.0,objetivo,t7
325285594983.0,objetivo,t7
329429053133.0,objetivo,t3
365936112014.0,adicion,t6
396278380408.0,objetivo,t5
398519930039.0,objetivo,t5
430349303331.0,objetivo,t6
461200283912.0,adicion,t6
478726254932.0,objetivo,t5
508035965948.0,objetivo,t4
530063918983.0,objetivo,t6
588512035190.0,adicion,t1
615333097771.0,objetivo,t6
639070049336.0,adicion,t6
640269305379.0,adicion,t4
641448603841.0,adicion,t4
654579407407.0,adicion,t3
666466576411.0,objetivo,t1
712797858341.0,objetivo,t6
745255626327.0,objetivo,t5
791539561187.0,objetivo,t6
833509093917.0,objetivo,t5
850980018051.0,objetivo,t1
5191529673.0,adicion,t4
11166765009.0,adicion,t6
26721755605.0,objetivo,t7
44280140069.0,adicion,t6
53503068761.0,adicion,t5
88313716990.0,adicion,t6
137939350527.0,adicion,t3
169219843908.0,objetivo,t2
238146523200.0,objetivo,t6
262456329679.0,objetivo,t3
365512148286.0,objetivo,t6
418189711469.0,adicion,t2
547734876573.0,adicion,t5
602943919764.0,adicion,t7
607151540222.0,objetivo,t5
632369003651.0,objetivo,t7
748875172967.0,adicion,t5
794623673788.0,objetivo,t2
842384360564.0,adicion,t5
857436162023.0,adicion,t3
868149504866.0,adicion,t4
870575493848.0,objetivo,t7
886673533684.0,objetivo,t6
942263217457.0,adicion,t5
173583989153.0,adicion,t5
193249981385.0,objetivo,t5
200102199807.0,adicion,t6
205615187999.0,adicion,t6
310235219764.0,objetivo,t6
313738812052.0,adicion,t5
380735923462.0,objetivo,t4
527884107201.0,adicion,t5
530786586311.0,adicion,t5
556900552191.0,adicion,t6
575491554081.0,adicion,t5
605072183376.0,adicion,t3
612801045603.0,objetivo,t5
697375106824.0,objetivo,t5
747738318285.0,adicion,t5
749119366311.0,adicion,t7
778361472635.0,objetivo,t2
842386988792.0,objetivo,t6
884081329640.0,adicion,t2
888861276798.0,adicion,t7
923365141746.0,adicion,t6
936202334795.0,objetivo,t7
958429198394.0,adicion,t3
3253364993.0,objetivo,t6
28552274168.0,objetivo,t3
36077461014.0,adicion,t5
71173092296.0,adicion,t5
130808255628.0,objetivo,t5
140192212787.0,adicion,t6
141109358210.0,adicion,t5
143200269960.0,adicion,t6
156145467454.0,objetivo,t6
164945813113.0,objetivo,t7
240074966399.0,adicion,t7
245548531368.0,objetivo,t6
383430519670.0,objetivo,t6
388443416423.0,objetivo,t7
428401169054.0,objetivo,t6
450494158689.0,objetivo,t6
466983832431.0,objetivo,t7
619378878207.0,objetivo,t6
631342026255.0,objetivo,t5
636378968619.0,adicion,t6
654035855371.0,objetivo,t6
771823057457.0,adicion,t1
816408091799.0,adicion,t6
844730502847.0,objetivo,t5
900749364715.0,adicion,t4
914271905351.0,objetivo,t6
935930647481.0,adicion,t1
940081190595.0,objetivo,t7
979874805532.0,objetivo,t3
38539089680.0,adicion,t5
75591890421.0,adicion,t3
81596022432.0,adicion,t2
212945049803.0,adicion,t5
222097035368.0,objetivo,t7
232014792638.0,objetivo,t5
324254089927.0,adicion,t5
429215562475.0,adicion,t4
454938148366.0,adicion,t7
458356049440.0,adicion,t5
474862151429.0,adicion,t2
478229496229.0,adicion,t6
557813053985.0,objetivo,t7
609235193415.0,objetivo,t5
614882421277.0,adicion,t7
617106964488.0,adicion,t4
635808937344.0,objetivo,t6
651224530099.0,adicion,t3
665783416260.0,objetivo,t3
667042968745.0,adicion,t7
718633047819.0,adicion,t6
736697646264.0,objetivo,t4
742839158207.0,objetivo,t1
749374537056.0,objetivo,t5
775461804761.0,adicion,t3
784475996650.0,adicion,t5
802204704122.0,objetivo,t6
841702030874.0,objetivo,t8
872625205665.0,objetivo,t3
886197751055.0,adicion,t6
903358295031.0,adicion,t4
930058825266.0,adicion,t7
944976553074.0,objetivo,t4
953180777089.0,adicion,t6
979691484916.0,adicion,t4
15586992844.0,adicion,t3
50587972661.0,adicion,t1
220132508737.0,objetivo,t2
254249613844.0,adicion,t6
261697625743.0,objetivo,t6
320979860743.0,objetivo,t7
329757794075.0,adicion,t6
443698632991.0,adicion,t6
456495055264.0,objetivo,t6
467119097202.0,adicion,t3
483087320326.0,adicion,t5
486825263816.0,objetivo,t6
487285995563.0,objetivo,t5
511522089247.0,adicion,t5
517469259001.0,objetivo,t3
560238053512.0,adicion,t4
568352455220.0,adicion,t4
643570095512.0,adicion,t5
661437561286.0,objetivo,t6
700694510403.0,objetivo,t6
745523602711.0,objetivo,t6
14214552686.0,objetivo,t6
31023525082.0,objetivo,t6
31240089888.0,objetivo,t6
40522659726.0,objetivo,t6
43576175475.0,adicion,t3
57703461646.0,adicion,t6
168968074899.0,adicion,t7
183284128442.0,objetivo,t3
186548400588.0,adicion,t6
200585786003.0,adicion,t4
201820574462.0,adicion,t5
217961043412.0,adicion,t4
258908968739.0,objetivo,t4
274982743478.0,objetivo,t6
278070324212.0,adicion,t3
284591100491.0,adicion,t5
319401129040.0,adicion,t5
321074909711.0,adicion,t4
327856769484.0,objetivo,t6
412710620892.0,objetivo,t6
413165479577.0,adicion,t6
414039597847.0,objetivo,t6
471274716422.0,objetivo,t4
474218842075.0,adicion,t4
509653873657.0,adicion,t6
546288556882.0,objetivo,t6
565961517968.0,objetivo,t6
593402244531.0,adicion,t7
640099565404.0,objetivo,t6
657915346895.0,adicion,t5
659704579159.0,objetivo,t7
677071507394.0,objetivo,t4
687272293176.0,adicion,t4
692638596532.0,objetivo,t6
734340772724.0,adicion,t6
770572119861.0,adicion,t6
792157524684.0,adicion,t6
843794157220.0,objetivo,t5
844072012028.0,adicion,t6
865932882757.0,objetivo,t6
899316144928.0,adicion,t1
955819758420.0,objetivo,t3
967032780661.0,adicion,t3
65263134143.0,adicion,t4
71546171535.0,adicion,t3
135210174538.0,adicion,t4
152903079268.0,adicion,t5
172346423701.0,adicion,t6
198414894540.0,adicion,t6
211908269033.0,adicion,t1
258176343471.0,objetivo,t5
265949102626.0,adicion,t4
271024156284.0,adicion,t6
273439463525.0,objetivo,t6
317315866331.0,objetivo,t6
365059928160.0,objetivo,t3
374198194695.0,adicion,t1
404505703258.0,adicion,t3
454111363101.0,objetivo,t6
464970696435.0,adicion,t1
475363812357.0,adicion,t5
502896745190.0,adicion,t4
605528675495.0,objetivo,t3
635677204605.0,adicion,t4
667621751719.0,adicion,t5
669993566109.0,adicion,t1
680278082334.0,objetivo,t5
706546970379.0,objetivo,t6
738110933624.0,adicion,t5
753966589966.0,adicion,t4
756225689067.0,adicion,t5
796342695303.0,adicion,t1
822910656941.0,objetivo,t6
837310401043.0,adicion,t6
899568828236.0,objetivo,t6
967237685147.0,objetivo,t2
1230448696.0,adicion,t5
32759183765.0,objetivo,t6
33052276244.0,objetivo,t5
53465880491.0,adicion,t5
156201248362.0,objetivo,t4
166106279529.0,objetivo,t6
191485255059.0,adicion,t4
247857159719.0,objetivo,t7
249717804575.0,adicion,t3
363618888015.0,adicion,t5
435730221450.0,adicion,t5
510837938852.0,objetivo,t6
519190885647.0,adicion,t6
526526400110.0,objetivo,t7
560393000299.0,objetivo,t5
576838249005.0,adicion,t6
608007780051.0,adicion,t1
610497933929.0,objetivo,t6
622236553753.0,objetivo,t7
625066040642.0,objetivo,t5
649586881384.0,objetivo,t5
728357591020.0,objetivo,t6
742333617379.0,objetivo,t5
748469888032.0,adicion,t5
748604443091.0,adicion,t6
753295107527.0,adicion,t5
783806235053.0,objetivo,t2
854424947247.0,adicion,t7
870370540564.0,objetivo,t6
892612131244.0,adicion,t6
933605275494.0,adicion,t5
993396703665.0,adicion,t3
21714464583.0,adicion,t2
38187692851.0,adicion,t4
61569666630.0,adicion,t6
91261070027.0,adicion,t4
98804331322.0,adicion,t6
101836889277.0,adicion,t5
188397357912.0,adicion,t5
237179780396.0,adicion,t3
278919262762.0,adicion,t6
300181527044.0,objetivo,t4
351115944672.0,objetivo,t5
364885975048.0,objetivo,t5
382424104009.0,objetivo,t6
425762526564.0,adicion,t3
430253006055.0,objetivo,t3
449593048363.0,adicion,t6
472187345928.0,objetivo,t6
515205443918.0,objetivo,t6
554242939607.0,adicion,t3
682889175899.0,adicion,t6
753395353747.0,adicion,t6
803644579214.0,adicion,t1
824400038423.0,objetivo,t5
843413622011.0,objetivo,t6
849505484307.0,adicion,t3
65269985219.0,adicion,t6
67966480571.0,adicion,t7
184088065640.0,objetivo,t5
184800097656.0,objetivo,t7
256257306359.0,objetivo,t6
263292753333.0,objetivo,t4
270613701980.0,adicion,t1
347261321830.0,objetivo,t1
394190218949.0,objetivo,t7
398009191352.0,objetivo,t1
415981902873.0,objetivo,t6
424988498946.0,adicion,t5
471190763582.0,objetivo,t6
505383275964.0,adicion,t4
510885803706.0,adicion,t5
521092925663.0,adicion,t3
634638303730.0,objetivo,t5
639756355442.0,objetivo,t6
641044068683.0,adicion,t1
641193646473.0,objetivo,t4
642451792725.0,adicion,t5
655160061510.0,objetivo,t6
724915644978.0,adicion,t6
775863679579.0,adicion,t4
819555784087.0,adicion,t4
863398179838.0,objetivo,t6
905003358788.0,objetivo,t6
8263301075.0,objetivo,t6
24150580666.0,adicion,t6
25413947212.0,adicion,t4
74231618387.0,adicion,t7
84210699010.0,adicion,t5
85633839180.0,adicion,t5
92135201562.0,objetivo,t7
97795325415.0,objetivo,t5
176325632698.0,adicion,t5
246170973706.0,objetivo,t6
309064405691.0,objetivo,t4
328109063315.0,adicion,t3
377058563916.0,adicion,t5
478710449310.0,objetivo,t3
480681218424.0,objetivo,t5
484950361218.0,objetivo,t3
498152006740.0,objetivo,t6
522739034650.0,objetivo,t6
545680106831.0,objetivo,t6
564831472399.0,adicion,t6
567989757743.0,objetivo,t4
651007465618.0,adicion,t1
687336334433.0,adicion,t5
754593665817.0,objetivo,t7
788000478267.0,adicion,t3
795527764181.0,adicion,t5
835910203280.0,adicion,t5
877991990233.0,objetivo,t6
952292295267.0,adicion,t2
966661617746.0,objetivo,t6
5307389008.0,adicion,t6
12532504297.0,objetivo,t2
27961961164.0,objetivo,t4
53981398402.0,adicion,t3
75622951198.0,objetivo,t7
105289014974.0,objetivo,t6
107704082028.0,adicion,t5
135111002799.0,objetivo,t6
147534353610.0,objetivo,t6
161925419440.0,adicion,t6
168780485037.0,objetivo,t2
188842426026.0,objetivo,t5
255450473060.0,adicion,t4
299887260149.0,adicion,t1
341221792312.0,objetivo,t5
350132021432.0,adicion,t6
352433723759.0,objetivo,t6
415215526418.0,objetivo,t5
482327290266.0,adicion,t5
496620894614.0,objetivo,t1
592326023222.0,objetivo,t6
618992808774.0,adicion,t6
696804919213.0,objetivo,t3
734710056242.0,objetivo,t5
738267257156.0,adicion,t3
747909095727.0,objetivo,t6
756821097950.0,objetivo,t6
790990054284.0,adicion,t4
902585291301.0,objetivo,t7
940187761478.0,objetivo,t5
977144144020.0,adicion,t5
985801244274.0,adicion,t7
53346532917.0,objetivo,t2
76829419602.0,adicion,t3
79809957570.0,adicion,t4
104027803782.0,objetivo,t1
116163068175.0,adicion,t5
199823017201.0,adicion,t6
228612632545.0,adicion,t6
237716897862.0,objetivo,t6
417725089295.0,adicion,t6
468404667194.0,adicion,t5
494741953943.0,objetivo,t3
497495566960.0,objetivo,t7
528724224573.0,adicion,t1
557165596470.0,adicion,t5
596949037918.0,objetivo,t8
619193191422.0,adicion,t5
711510980165.0,objetivo,t5
716766340403.0,objetivo,t6
723996969607.0,adicion,t2
856985662094.0,adicion,t5
877942774788.0,adicion,t5
957670227288.0,adicion,t5
958806009618.0,adicion,t4
976926583608.0,adicion,t5
995198425631.0,adicion,t6
62680369117.0,adicion,t5
91128231242.0,adicion,t6
97737497394.0,objetivo,t5
122725447663.0,objetivo,t5
127844871002.0,objetivo,t3
134095774331.0,objetivo,t6
160423771829.0,objetivo,t6
188174706487.0,objetivo,t6
256015198967.0,adicion,t6
316352040056.0,adicion,t4
332544475284.0,adicion,t4
342557318153.0,adicion,t5
397091938587.0,objetivo,t5
409296759616.0,objetivo,t2
414766416549.0,adicion,t5
539297180895.0,adicion,t8
576349182253.0,adicion,t4
576399973452.0,adicion,t4
597138796553.0,adicion,t4
609719003498.0,adicion,t1
653359529686.0,objetivo,t5
726247154343.0,objetivo,t2
753216578469.0,objetivo,t5
803884662017.0,adicion,t4
888960126934.0,adicion,t1
901211121578.0,adicion,t6
923761508282.0,adicion,t5
931445313938.0,objetivo,t7
961544061623.0,adicion,t2
962599804227.0,objetivo,t6
981719645269.0,objetivo,t6
2281664775.0,objetivo,t6
77531953839.0,objetivo,t4
79777520270.0,adicion,t6
85390376537.0,objetivo,t2
130714979450.0,objetivo,t6
161688742075.0,objetivo,t7
249567224876.0,adicion,t5
307041244897.0,adicion,t7
324095435153.0,objetivo,t5
365638008714.0,objetivo,t4
568107860297.0,adicion,t1
584585366940.0,objetivo,t6
670926667724.0,adicion,t5
687904739045.0,adicion,t1
709566194846.0,objetivo,t5
774175617276.0,adicion,t6
776904278899.0,adicion,t5
823203679199.0,adicion,t6
862766107723.0,objetivo,t6
870633689899.0,objetivo,t2
879877109459.0,objetivo,t7
987224984199.0,objetivo,t5
9127925571.0,objetivo,t5
13493004952.0,objetivo,t6
57538947463.0,adicion,t4
118038618198.0,objetivo,t6
161005877255.0,adicion,t1
164490308650.0,objetivo,t6
181581743776.0,adicion,t7
192085780586.0,adicion,t2
206412493938.0,adicion,t5
320644293056.0,adicion,t2
367960048206.0,adicion,t5
447461151879.0,adicion,t7
536611132430.0,objetivo,t2
547701795057.0,adicion,t5
601458511061.0,objetivo,t5
606681192561.0,adicion,t5
637908500673.0,adicion,t6
681221453352.0,objetivo,t3
693879251095.0,objetivo,t5
702255895314.0,adicion,t2
815372490909.0,adicion,t6
823618244419.0,objetivo,t6
922039238769.0,objetivo,t5
929900143866.0,adicion,t4
934859383523.0,adicion,t4
947295206915.0,adicion,t6
963419595769.0,adicion,t5
970601512390.0,adicion,t5
988459209158.0,objetivo,t5
2027434775.0,adicion,t4
16260142877.0,objetivo,t6
55746980686.0,objetivo,t5
83378329639.0,adicion,t6
99348959999.0,adicion,t6
127128677395.0,objetivo,t3
130748629393.0,objetivo,t5
148971110790.0,adicion,t5
174694754384.0,adicion,t6
211460915951.0,objetivo,t5
229331239548.0,adicion,t5
246792400245.0,adicion,t5
368296279737.0,adicion,t4
380157436774.0,objetivo,t6
441783106168.0,objetivo,t5
538039255084.0,adicion,t4
560486082039.0,adicion,t6
746045624759.0,objetivo,t5
805115030380.0,objetivo,t2
846194081243.0,adicion,t4
862335212071.0,adicion,t6
926739093405.0,objetivo,t7
928729026442.0,objetivo,t7
978522778365.0,adicion,t3
997504963669.0,objetivo,t5
4710864908.0,adicion,t6
44034912017.0,adicion,t7
47095800380.0,adicion,t6
97145965055.0,adicion,t6
103444569345.0,adicion,t4
155205554973.0,adicion,t6
220813864101.0,adicion,t1
231546886611.0,adicion,t5
244374854785.0,adicion,t6
291570533710.0,adicion,t4
330664375961.0,objetivo,t4
352574281233.0,adicion,t6
415742168250.0,objetivo,t4
474664445214.0,adicion,t3
497133514370.0,adicion,t6
525656156682.0,objetivo,t6
625400676080.0,adicion,t6
629927502329.0,objetivo,t7
664864939483.0,objetivo,t4
719978044038.0,adicion,t1
735721613422.0,objetivo,t5
750706192675.0,objetivo,t3
766032518171.0,adicion,t1
779177978578.0,adicion,t2
784152883496.0,adicion,t2
785127067492.0,adicion,t2
798590604133.0,objetivo,t6
803100850788.0,adicion,t1
863442239783.0,objetivo,t7
904493077139.0,adicion,t5
907121159145.0,objetivo,t5
911385070344.0,adicion,t5
927325564063.0,adicion,t2
935013386967.0,objetivo,t5
982891436337.0,objetivo,t6
19022811976.0,objetivo,t7
35338905070.0,objetivo,t2
39080487216.0,objetivo,t5
77010484717.0,objetivo,t5
97258417753.0,adicion,t6
117113284642.0,adicion,t1
182353754695.0,objetivo,t7
202773978021.0,objetivo,t3
252179019289.0,adicion,t6
257414074582.0,adicion,t6
421581955353.0,objetivo,t1
463406504723.0,adicion,t4
513249055368.0,adicion,t3
530867073079.0,objetivo,t6
536902173786.0,objetivo,t3
628526036163.0,adicion,t2
634866647262.0,objetivo,t4
649954732713.0,adicion,t2
654056703075.0,adicion,t4
678763421807.0,objetivo,t5
731267922372.0,objetivo,t6
828187380965.0,adicion,t1
836842789267.0,adicion,t6
851810733062.0,adicion,t6
881398294804.0,adicion,t6
889821908176.0,objetivo,t7
920060963064.0,adicion,t5
923172808205.0,objetivo,t3
925546450222.0,adicion,t6
943492641733.0,adicion,t4
945777457415.0,adicion,t3
987624774067.0,objetivo,t5
103011808391.0,adicion,t6
170213219828.0,adicion,t3
310261545110.0,adicion,t6
374636491834.0,adicion,t7
538466576429.0,objetivo,t5
600687680591.0,objetivo,t5
633129925614.0,adicion,t5
641561655459.0,objetivo,t5
643239426118.0,adicion,t7
652183566998.0,objetivo,t5
697478089947.0,objetivo,t4
710428332652.0,adicion,t7
732002119901.0,objetivo,t6
734072533852.0,adicion,t6
760528492771.0,objetivo,t3
768965385841.0,adicion,t6
809292849237.0,objetivo,t6
823855240633.0,adicion,t4
877332145598.0,objetivo,t6
884476090672.0,adicion,t4
907095738152.0,objetivo,t7
953224744862.0,adicion,t5
988153082913.0,objetivo,t6
50647596262.0,objetivo,t6
107643937098.0,adicion,t1
114398987628.0,adicion,t5
129124011418.0,adicion,t7
132039646572.0,adicion,t1
152619773064.0,objetivo,t5
180055697754.0,objetivo,t3
319965474004.0,objetivo,t6
328810570044.0,objetivo,t6
400949742924.0,adicion,t5
424884415762.0,adicion,t2
452246584699.0,objetivo,t6
476028588998.0,objetivo,t5
538632012359.0,adicion,t6
645924594746.0,objetivo,t4
676467861268.0,adicion,t5
704101456744.0,objetivo,t6
738088015912.0,objetivo,t5
807491848146.0,adicion,t4
821021651062.0,objetivo,t6
832208853022.0,objetivo,t5
19819499893.0,adicion,t6
124813492902.0,objetivo,t5
174330668759.0,adicion,t3
301422723555.0,adicion,t4
310628250845.0,adicion,t4
388728055423.0,adicion,t6
431910204484.0,objetivo,t6
479121124260.0,objetivo,t6
501462963149.0,adicion,t5
515281693532.0,adicion,t3
519237827416.0,objetivo,t6
537071874643.0,adicion,t6
593722522461.0,objetivo,t5
618755975880.0,adicion,t8
731555405547.0,adicion,t7
783359155179.0,objetivo,t3
831262375720.0,adicion,t6
832904621084.0,objetivo,t7
834492004881.0,adicion,t3
858349927886.0,adicion,t6
871762948126.0,adicion,t5
923062512365.0,adicion,t4
928487823700.0,adicion,t6
959641592916.0,adicion,t5
965190932458.0,adicion,t3
14567968035.0,objetivo,t3
78498974371.0,adicion,t5
94303964226.0,adicion,t7
102675009802.0,objetivo,t5
107689029685.0,objetivo,t4
117937814319.0,objetivo,t5
144524683296.0,objetivo,t5
153631168950.0,objetivo,t4
163023634979.0,adicion,t7
187630969804.0,adicion,t4
272392317474.0,adicion,t6
453228458520.0,adicion,t6
460861115158.0,adicion,t5
472989451874.0,objetivo,t4
487636929355.0,adicion,t2
503110170474.0,adicion,t3
525446903237.0,adicion,t2
550444160824.0,adicion,t7
550893951213.0,objetivo,t6
672321293125.0,objetivo,t1
674203782127.0,adicion,t6
681089287034.0,objetivo,t5
692844620129.0,objetivo,t6
785230649026.0,objetivo,t6
811217491525.0,objetivo,t5
831844701397.0,objetivo,t1
868370596846.0,adicion,t7
906342211782.0,objetivo,t4
913233764979.0,adicion,t7
927405783743.0,objetivo,t6
932180543763.0,objetivo,t6
945740036261.0,adicion,t5
957511112517.0,adicion,t3
59329057389.0,objetivo,t3
120776856037.0,adicion,t3
126741636044.0,adicion,t6
129926289347.0,objetivo,t6
172334993380.0,adicion,t2
185609369910.0,adicion,t6
205835859609.0,objetivo,t6
273407730875.0,adicion,t6
315569383791.0,adicion,t6
463762089577.0,adicion,t1
466924578986.0,adicion,t6
479605051547.0,adicion,t6
493490559010.0,objetivo,t6
521621972618.0,objetivo,t6
528274055190.0,adicion,t4
617950733783.0,adicion,t5
629976994478.0,objetivo,t4
685063431633.0,objetivo,t5
706314440355.0,objetivo,t7
738476096025.0,adicion,t7
766825405064.0,objetivo,t4
800562712680.0,adicion,t3
915723439686.0,adicion,t6
957870237799.0,objetivo,t5
998306500092.0,objetivo,t4
5485359292.0,adicion,t6
14723308709.0,objetivo,t7
19923308113.0,objetivo,t6
23015485617.0,objetivo,t5
77198129459.0,objetivo,t6
118145445417.0,objetivo,t7
124675065755.0,objetivo,t5
126383819878.0,objetivo,t5
149860808612.0,adicion,t5
165376561412.0,objetivo,t4
219352074301.0,objetivo,t6
222416757203.0,adicion,t5
282350980590.0,adicion,t7
285436092253.0,objetivo,t7
366869326878.0,adicion,t4
385596504137.0,adicion,t3
399584415576.0,adicion,t6
408672141765.0,adicion,t2
508882096072.0,objetivo,t6
542834122842.0,objetivo,t7
581300581312.0,adicion,t5
603953344106.0,objetivo,t6
660072998934.0,adicion,t1
693434872959.0,objetivo,t7
696745534329.0,adicion,t3
704597136221.0,adicion,t6
750858533748.0,objetivo,t7
781502910296.0,adicion,t5
882395983307.0,adicion,t3
909000874718.0,objetivo,t3
921039366152.0,objetivo,t4
931264460314.0,objetivo,t3
946526041473.0,adicion,t2
965454161310.0,adicion,t2
972967265047.0,objetivo,t6
990972162797.0,adicion,t5
24838981786.0,adicion,t5
157463709372.0,objetivo,t5
161885135657.0,adicion,t6
177649577630.0,adicion,t5
189195117990.0,objetivo,t7
192133190983.0,adicion,t5
220365690308.0,adicion,t1
252258936559.0,adicion,t4
274906256693.0,objetivo,t4
280772557726.0,adicion,t7
368313368888.0,objetivo,t6
394658405889.0,objetivo,t5
457059190953.0,objetivo,t6
478158099572.0,objetivo,t6
490720487123.0,adicion,t3
522313346966.0,objetivo,t1
523545899131.0,objetivo,t1
558860852172.0,objetivo,t7
566773903407.0,objetivo,t7
576642716329.0,objetivo,t5
578361341822.0,objetivo,t5
622963689794.0,objetivo,t6
657272773692.0,objetivo,t6
684270619199.0,adicion,t5
757762260425.0,objetivo,t6
770839608707.0,adicion,t6
780078946722.0,adicion,t6
831686445875.0,adicion,t7
880376151625.0,objetivo,t3
920946493260.0,adicion,t5
946446432952.0,adicion,t5
952561605385.0,objetivo,t3
960419355763.0,adicion,t6
32239342328.0,adicion,t6
45493879905.0,adicion,t3
46088384853.0,objetivo,t6
79786821082.0,adicion,t4
99866847654.0,adicion,t5
104988310435.0,objetivo,t5
107624843225.0,adicion,t6
223619811468.0,adicion,t4
244540877996.0,adicion,t5
260154806785.0,adicion,t5
264034217976.0,adicion,t5
277911932376.0,objetivo,t5
287929154105.0,adicion,t7
320405177208.0,objetivo,t6
353345047007.0,adicion,t3
358284406943.0,objetivo,t5
440580391835.0,adicion,t6
465864239845.0,objetivo,t7
466081185714.0,objetivo,t6
492083732952.0,objetivo,t6
504829270616.0,objetivo,t6
522964985580.0,objetivo,t5
527821118696.0,adicion,t3
549180107690.0,adicion,t6
550680183959.0,adicion,t4
569499546355.0,adicion,t4
592715749082.0,adicion,t5
593018639608.0,objetivo,t6
596491048356.0,objetivo,t3
596553784518.0,adicion,t5
608842789702.0,objetivo,t3
624734001597.0,objetivo,t4
656689811576.0,adicion,t6
772103131225.0,objetivo,t5
793560975950.0,objetivo,t6
818631819645.0,objetivo,t5
960403566111.0,objetivo,t5
34358021833.0,adicion,t6
39362996135.0,objetivo,t5
66098626178.0,objetivo,t6
74033616620.0,adicion,t6
77754685136.0,objetivo,t6
102287213778.0,adicion,t4
110870274827.0,objetivo,t6
119370182625.0,objetivo,t4
144646164375.0,adicion,t4
182033481718.0,adicion,t5
197878140637.0,adicion,t6
222363136230.0,objetivo,t5
228181266088.0,adicion,t5
236577810908.0,objetivo,t6
255115590581.0,objetivo,t5
271556181489.0,adicion,t5
280390907466.0,adicion,t6
334768504997.0,objetivo,t7
334825131283.0,adicion,t5
343087797847.0,objetivo,t5
348213144386.0,objetivo,t4
406716595430.0,adicion,t7
443918036572.0,objetivo,t6
463392046534.0,objetivo,t5
492498384612.0,adicion,t5
609041097364.0,adicion,t7
619303891334.0,adicion,t7
640938139017.0,objetivo,t6
651737482184.0,objetivo,t4
690611064749.0,adicion,t1
719514608033.0,objetivo,t6
740615157907.0,adicion,t3
743304866216.0,adicion,t4
749337809594.0,objetivo,t7
756096282803.0,adicion,t3
846124447489.0,objetivo,t6
885791213930.0,adicion,t4
933208488944.0,objetivo,t5
955585582779.0,objetivo,t5
961156067984.0,adicion,t5
76864446751.0,adicion,t5
85489266789.0,adicion,t3
139959918581.0,adicion,t1
170392649208.0,adicion,t3
241493539018.0,objetivo,t2
254973083773.0,adicion,t1
260226578682.0,objetivo,t6
266715231073.0,adicion,t3
281982347025.0,objetivo,t6
286879852838.0,adicion,t6
297713798830.0,adicion,t1
308737759892.0,objetivo,t4
362143348619.0,objetivo,t5
365884550912.0,adicion,t5
409471588152.0,adicion,t6
417831218992.0,adicion,t5
428902642448.0,adicion,t4
456631199567.0,objetivo,t5
550013819721.0,objetivo,t5
575361312790.0,adicion,t1
615598258234.0,objetivo,t6
670576446580.0,adicion,t6
708580646809.0,objetivo,t5
766468008874.0,adicion,t5
793555842708.0,adicion,t3
793670277472.0,adicion,t3
843844080843.0,adicion,t6
877094911860.0,adicion,t6
901299399027.0,objetivo,t5
942073732635.0,adicion,t6
33182677058.0,objetivo,t2
50771880227.0,adicion,t4
62241245788.0,objetivo,t7
63474457210.0,objetivo,t7
70056542076.0,objetivo,t7
119214748986.0,objetivo,t4
124561761549.0,objetivo,t1
130022902882.0,adicion,t5
131538165853.0,adicion,t2
159855568273.0,objetivo,t7
165462117465.0,adicion,t1
179444530198.0,adicion,t6
278649595489.0,adicion,t6
316119145583.0,adicion,t4
317450870154.0,objetivo,t5
344358932993.0,objetivo,t5
356051018949.0,adicion,t4
391593421505.0,objetivo,t5
392331905492.0,objetivo,t7
414919720675.0,adicion,t6
442298885944.0,adicion,t3
474749827793.0,adicion,t4
479382541937.0,adicion,t7
494217769716.0,objetivo,t3
528159170463.0,adicion,t4
580709547279.0,objetivo,t7
593400111944.0,objetivo,t5
631884917007.0,adicion,t4
685348597632.0,objetivo,t6
704006377255.0,objetivo,t6
768038872280.0,objetivo,t6
775703796705.0,adicion,t5
843170597398.0,objetivo,t5
851961004726.0,adicion,t5
896872957865.0,objetivo,t5
910226894820.0,adicion,t3
911088513841.0,adicion,t2
977652386937.0,adicion,t2
988760108746.0,adicion,t3
32131563941.0,adicion,t6
80296749911.0,objetivo,t1
155438457171.0,objetivo,t6
171045394760.0,adicion,t2
197976862045.0,adicion,t1
282398446317.0,objetivo,t5
410419160996.0,adicion,t4
416875705785.0,adicion,t5
427467980421.0,adicion,t6
428063775549.0,adicion,t1
490815854080.0,objetivo,t3
522189546365.0,objetivo,t6
587293495594.0,adicion,t2
595178314336.0,objetivo,t5
649305397392.0,objetivo,t5
683781582204.0,objetivo,t6
750592646975.0,objetivo,t6
781553431253.0,adicion,t1
796621489839.0,objetivo,t1
841294780359.0,objetivo,t5
883536838959.0,adicion,t6
902824803983.0,adicion,t1
949826779498.0,adicion,t1
958449369148.0,adicion,t3
964455681172.0,objetivo,t4
14600162709.0,adicion,t3
67588765556.0,adicion,t4
140152088962.0,adicion,t1
188178746819.0,objetivo,t6
290212475557.0,adicion,t2
322039075369.0,adicion,t5
327339089967.0,adicion,t5
370080659504.0,objetivo,t5
379595189596.0,adicion,t6
382652322782.0,objetivo,t6
503560053219.0,objetivo,t5
533165533313.0,objetivo,t4
609586346827.0,adicion,t6
630739231671.0,adicion,t6
679164434074.0,objetivo,t6
787817429749.0,adicion,t5
842931953166.0,objetivo,t6
899080527333.0,objetivo,t2
911542798437.0,objetivo,t6
927200171213.0,adicion,t1
964446568161.0,adicion,t6
965816122220.0,adicion,t4
975773642610.0,adicion,t5
34665078873.0,adicion,t4
79942346108.0,adicion,t4
87955467066.0,adicion,t6
228308542577.0,adicion,t1
233941714906.0,objetivo,t5
272598233037.0,objetivo,t6
325053193330.0,adicion,t6
361452121321.0,adicion,t7
430027803061.0,adicion,t5
489473036969.0,objetivo,t4
511710221465.0,objetivo,t2
513807728997.0,adicion,t6
551276064579.0,adicion,t1
677745278302.0,adicion,t6
700960830567.0,objetivo,t2
757104462080.0,adicion,t6
779106869560.0,objetivo,t6
904465201369.0,objetivo,t6
928438471524.0,objetivo,t6
979845900295.0,objetivo,t6
16740911035.0,adicion,t4
26255556907.0,adicion,t7
102026652653.0,objetivo,t5
118358927521.0,adicion,t2
133961307580.0,objetivo,t6
158226282073.0,adicion,t1
166067079949.0,adicion,t1
191898934473.0,adicion,t6
205312794003.0,objetivo,t5
217421471439.0,objetivo,t5
247420698998.0,objetivo,t4
286247950610.0,adicion,t6
304498478011.0,adicion,t2
306133317153.0,objetivo,t6
325778077119.0,adicion,t1
356209749496.0,objetivo,t6
401723303516.0,objetivo,t6
453642357074.0,adicion,t5
463941587802.0,objetivo,t6
492408616410.0,objetivo,t6
542596952436.0,adicion,t5
590250477167.0,objetivo,t6
615111051909.0,objetivo,t7
629717625344.0,objetivo,t6
652557630301.0,objetivo,t7
665890637072.0,adicion,t6
707089956879.0,objetivo,t1
747549635387.0,objetivo,t7
748475740310.0,objetivo,t6
814525515023.0,objetivo,t6
849844139171.0,objetivo,t6
850391911204.0,objetivo,t5
853248860224.0,objetivo,t1
873050175506.0,adicion,t2
881819843015.0,adicion,t3
883626393054.0,adicion,t1
970370525411.0,objetivo,t3
80685020121.0,objetivo,t3
106394400813.0,adicion,t6
145141419846.0,adicion,t3
155049015763.0,objetivo,t6
216064515392.0,adicion,t6
253563822037.0,objetivo,t7
310198350348.0,adicion,t5
392722868996.0,objetivo,t5
401827812844.0,adicion,t5
431578984876.0,adicion,t5
455048610569.0,adicion,t5
467592263074.0,objetivo,t7
479089944913.0,adicion,t5
498508723911.0,adicion,t3
498994795191.0,objetivo,t6
514002585390.0,adicion,t5
529853388600.0,adicion,t3
532465251082.0,objetivo,t7
685219303479.0,objetivo,t6
692793727009.0,adicion,t3
704644186757.0,objetivo,t6
769737061712.0,adicion,t6
823600342296.0,objetivo,t4
871090290938.0,objetivo,t6
896641641796.0,adicion,t6
913111676690.0,adicion,t1
914966845567.0,objetivo,t2
969628611273.0,adicion,t5
995670402150.0,adicion,t1
45539457076.0,objetivo,t6
143255043757.0,objetivo,t5
151055419941.0,adicion,t5
184681563241.0,adicion,t6
280617956100.0,objetivo,t6
382228948376.0,adicion,t6
409446175559.0,objetivo,t6
437190930957.0,objetivo,t6
437444922641.0,adicion,t6
474013192098.0,adicion,t7
479174556065.0,adicion,t5
485537121113.0,adicion,t7
579330261188.0,adicion,t1
629219807934.0,objetivo,t2
660561648274.0,adicion,t6
668450681440.0,adicion,t1
669311180944.0,adicion,t1
689267903851.0,objetivo,t6
707853951169.0,adicion,t4
719842679418.0,adicion,t4
725861211438.0,adicion,t6
741615515542.0,objetivo,t5
770143551050.0,adicion,t4
777348733917.0,adicion,t6
786629300189.0,objetivo,t5
821403373558.0,adicion,t5
827184981774.0,adicion,t6
827798372145.0,objetivo,t6
952753864243.0,adicion,t1
36417920780.0,adicion,t1
82491587455.0,objetivo,t5
125734394175.0,adicion,t5
146132593051.0,adicion,t4
240113802539.0,objetivo,t6
255511076012.0,adicion,t4
301635015124.0,adicion,t8
314523935757.0,adicion,t6
352033381361.0,objetivo,t6
400587395871.0,adicion,t1
443399755865.0,objetivo,t7
463136384628.0,adicion,t7
534886408685.0,adicion,t1
555488687548.0,objetivo,t1
573391637945.0,objetivo,t7
590353194394.0,adicion,t6
598163350335.0,objetivo,t5
620949138479.0,adicion,t6
654911441875.0,objetivo,t6
655483943998.0,objetivo,t6
703177892182.0,adicion,t4
786612222273.0,objetivo,t6
808344619452.0,adicion,t5
832165105858.0,adicion,t5
878187983458.0,objetivo,t5
894931568915.0,adicion,t6
953615381416.0,objetivo,t4
958015256805.0,objetivo,t7
995600863281.0,adicion,t6
1468970008.0,adicion,t7
23525338365.0,objetivo,t2
30262822137.0,adicion,t5
53734569069.0,adicion,t7
98110224524.0,adicion,t2
128292826477.0,adicion,t2
144687959668.0,objetivo,t5
147769078028.0,adicion,t1
160377424679.0,adicion,t7
163401662003.0,objetivo,t4
179928555599.0,adicion,t5
206097415055.0,objetivo,t6
226078834281.0,objetivo,t7
353301771647.0,adicion,t7
366234029380.0,adicion,t2
373652521262.0,adicion,t3
387569715854.0,objetivo,t2
388660291669.0,objetivo,t6
413211223351.0,adicion,t6
454116214405.0,adicion,t4
468833478533.0,objetivo,t6
469624548894.0,objetivo,t7
471836223830.0,objetivo,t6
487832890136.0,adicion,t3
492260898647.0,objetivo,t6
563928129272.0,objetivo,t7
586633545346.0,objetivo,t6
615345672730.0,objetivo,t6
622472727359.0,adicion,t7
655783315936.0,objetivo,t5
730111571608.0,objetivo,t6
853247921420.0,adicion,t5
913448987805.0,adicion,t5
952961722416.0,adicion,t1
6201820647.0,objetivo,t6
30162004702.0,adicion,t6
48006230045.0,adicion,t5
56923784712.0,adicion,t5
108924604924.0,adicion,t6
115539704453.0,adicion,t5
133278548660.0,adicion,t4
205710022558.0,adicion,t5
209931950042.0,adicion,t5
229058015016.0,adicion,t6
234880604505.0,adicion,t6
260220762976.0,objetivo,t5
284424137163.0,adicion,t4
310739236048.0,objetivo,t6
423991125966.0,adicion,t6
431136568068.0,objetivo,t6
431881384728.0,adicion,t4
450524447288.0,adicion,t7
472170870893.0,adicion,t6
487655622982.0,objetivo,t5
504400926357.0,adicion,t3
519402314205.0,adicion,t6
519675346396.0,objetivo,t6
597341995848.0,objetivo,t7
605723989635.0,objetivo,t5
612682721405.0,objetivo,t5
622537056184.0,adicion,t6
624437345820.0,adicion,t1
648258090659.0,objetivo,t6
665284488345.0,objetivo,t5
808430379749.0,adicion,t1
827523780891.0,objetivo,t8
830354839533.0,objetivo,t1
910347365091.0,objetivo,t6
943651238972.0,adicion,t4
947477288573.0,objetivo,t6
966800808624.0,objetivo,t1
72084722259.0,adicion,t5
93240193011.0,adicion,t5
157989731557.0,adicion,t6
285216575951.0,objetivo,t6
343205555501.0,adicion,t5
344154016391.0,adicion,t6
350088495981.0,adicion,t6
371002719074.0,adicion,t6
383665013462.0,adicion,t2
497987398973.0,adicion,t6
510013559289.0,adicion,t3
550261227074.0,adicion,t5
556729787129.0,objetivo,t6
635749736076.0,adicion,t7
688769754876.0,adicion,t1
727971304921.0,objetivo,t6
767543141448.0,objetivo,t7
813669176096.0,adicion,t4
873005269764.0,objetivo,t3
64680425074.0,adicion,t6
65354135636.0,adicion,t6
181999717084.0,objetivo,t6
207346013142.0,adicion,t5
218791931940.0,objetivo,t1
305989595724.0,adicion,t5
353219621507.0,objetivo,t5
441345136420.0,adicion,t3
460977341736.0,adicion,t1
531579241738.0,objetivo,t6
616433516983.0,adicion,t5
620590660755.0,adicion,t6
633870058646.0,adicion,t5
686156688789.0,adicion,t5
738554474353.0,objetivo,t5
745651925957.0,objetivo,t6
749587334601.0,objetivo,t2
757617799630.0,adicion,t4
766567330189.0,objetivo,t6
798218651926.0,objetivo,t4
911988501507.0,objetivo,t5
928454706135.0,objetivo,t6
933710739324.0,objetivo,t1
953939321602.0,objetivo,t1
969573532818.0,objetivo,t7
982826740943.0,objetivo,t5
39254584756.0,adicion,t2
43694368061.0,adicion,t1
60098160271.0,objetivo,t7
75580682491.0,adicion,t2
161855029969.0,adicion,t4
195472022174.0,adicion,t1
260383909791.0,adicion,t6
273034853343.0,adicion,t3
280481710218.0,objetivo,t6
288949670385.0,objetivo,t5
310084354520.0,objetivo,t6
369051618246.0,adicion,t4
386753259746.0,adicion,t6
526487768228.0,adicion,t5
554152853555.0,objetivo,t6
568830762604.0,objetivo,t2
575555086517.0,adicion,t6
585297934807.0,objetivo,t7
597333226733.0,objetivo,t6
616559081679.0,adicion,t4
618577478895.0,objetivo,t5
627074531676.0,adicion,t6
729734373381.0,adicion,t4
752632187820.0,objetivo,t6
782475896599.0,adicion,t3
858873204441.0,objetivo,t5
867345523616.0,objetivo,t5
963814635313.0,objetivo,t6
965931822901.0,adicion,t5
979760195145.0,objetivo,t5
14274036052.0,adicion,t4
54263990919.0,adicion,t5
66292925204.0,objetivo,t4
81713491571.0,adicion,t4
100611141851.0,objetivo,t5
134528064403.0,adicion,t3
208811508800.0,adicion,t3
270519007538.0,adicion,t5
341485507165.0,adicion,t5
371024404803.0,adicion,t3
405234361528.0,objetivo,t6
563412500773.0,objetivo,t3
581102089510.0,adicion,t6
598183782946.0,adicion,t6
635495838865.0,adicion,t4
653273296613.0,adicion,t6
674152611663.0,objetivo,t5
723998857659.0,objetivo,t6
724730914138.0,objetivo,t5
732226710830.0,objetivo,t5
804311994674.0,adicion,t5
830380496192.0,objetivo,t6
851383412694.0,adicion,t4
882076058342.0,adicion,t5
882702576414.0,objetivo,t5
919197553913.0,adicion,t7
971113628168.0,adicion,t6
987656882255.0,adicion,t4
3148969715.0,adicion,t6
3439255405.0,adicion,t6
9486980064.0,adicion,t5
15393782261.0,adicion,t4
85916496721.0,objetivo,t7
100293270956.0,adicion,t5
105247979847.0,objetivo,t7
114410577250.0,objetivo,t2
125412780075.0,adicion,t1
150591324886.0,objetivo,t5
198047663403.0,objetivo,t4
203971007356.0,objetivo,t5
205997932695.0,objetivo,t5
287724545067.0,objetivo,t6
289875124323.0,objetivo,t6
300367791206.0,objetivo,t6
326639137463.0,adicion,t6
340824296239.0,adicion,t7
383973558121.0,objetivo,t7
393254723064.0,adicion,t3
475252567990.0,objetivo,t4
497681737446.0,adicion,t6
504501497129.0,objetivo,t6
532757714524.0,adicion,t6
565834883508.0,objetivo,t5
617403985932.0,objetivo,t6
646934232639.0,adicion,t1
691635712456.0,objetivo,t7
735150951238.0,objetivo,t6
768417566582.0,objetivo,t6
778261806547.0,objetivo,t5
787638624827.0,adicion,t5
791372974168.0,objetivo,t7
795326756850.0,adicion,t7
919495149539.0,adicion,t4
985012537215.0,objetivo,t6
723533303.0,objetivo,t6
61512531294.0,objetivo,t6
71659984883.0,objetivo,t2
76008617230.0,objetivo,t7
124962765843.0,adicion,t3
129289805921.0,adicion,t6
190236614019.0,adicion,t2
204253058708.0,objetivo,t6
212446632696.0,adicion,t5
250760296865.0,objetivo,t5
301705096270.0,adicion,t5
355862477054.0,adicion,t5
369531440302.0,adicion,t6
422803968580.0,adicion,t1
447756429327.0,adicion,t6
492171685587.0,adicion,t1
496549791471.0,adicion,t2
611019474989.0,adicion,t5
631860138340.0,objetivo,t3
643323921017.0,adicion,t5
675999055412.0,objetivo,t6
676567100809.0,adicion,t6
842702192045.0,objetivo,t6
850796068582.0,objetivo,t6
871399140922.0,objetivo,t6
876271527227.0,objetivo,t1
971355206468.0,adicion,t6
989924334423.0,objetivo,t4
29069583456.0,objetivo,t5
56761984559.0,adicion,t5
138296700886.0,adicion,t5
146179932121.0,adicion,t3
160602196754.0,adicion,t6
182262598422.0,objetivo,t1
184963078763.0,adicion,t5
215853624369.0,adicion,t3
225796630317.0,adicion,t5
262528390883.0,adicion,t6
272281515226.0,objetivo,t6
286624977053.0,adicion,t4
297238172290.0,objetivo,t7
313524660963.0,adicion,t2
321669559683.0,objetivo,t6
339210571182.0,adicion,t1
353295885761.0,objetivo,t6
355565111582.0,adicion,t4
377596030916.0,adicion,t5
397711931035.0,adicion,t3
574227709905.0,adicion,t6
577249081708.0,adicion,t6
677308260386.0,adicion,t4
718860460878.0,adicion,t6
733706119248.0,adicion,t3
763183630123.0,adicion,t5
900408477289.0,adicion,t7
952810713488.0,objetivo,t7
963221449822.0,objetivo,t6
973270952023.0,objetivo,t6
984632163150.0,adicion,t1
47452718211.0,objetivo,t6
48110687933.0,adicion,t3
60220930523.0,adicion,t1
108357213407.0,adicion,t5
140298182472.0,objetivo,t5
144495645777.0,adicion,t3
160202378049.0,adicion,t6
300371888387.0,objetivo,t3
311104393196.0,objetivo,t5
321760093173.0,adicion,t6
322473991241.0,objetivo,t6
332352429394.0,adicion,t6
335017059352.0,adicion,t5
392560268460.0,objetivo,t5
392942529238.0,adicion,t3
399741175992.0,adicion,t5
406859763886.0,objetivo,t5
522240925562.0,adicion,t6
542102959783.0,objetivo,t5
551920999097.0,adicion,t6
561038964463.0,adicion,t1
563443819340.0,adicion,t6
624905186622.0,objetivo,t6
637629122780.0,adicion,t4
792294769296.0,objetivo,t6
803691718576.0,adicion,t6
817168368260.0,objetivo,t4
855795374160.0,objetivo,t3
911560725816.0,adicion,t3
978612978466.0,adicion,t5
15321206538.0,objetivo,t6
30534078765.0,adicion,t7
61300522007.0,adicion,t6
85341554891.0,objetivo,t6
150605620086.0,adicion,t1
188317899074.0,adicion,t5
243648196040.0,adicion,t7
271209508819.0,adicion,t7
292000720277.0,objetivo,t7
354516150206.0,adicion,t1
374891113584.0,objetivo,t6
381763879123.0,objetivo,t1
423914644412.0,adicion,t6
467742542504.0,adicion,t5
488401416634.0,objetivo,t4
501372655350.0,adicion,t5
506803176902.0,objetivo,t4
617981026700.0,adicion,t5
637198789937.0,adicion,t3
746466196228.0,objetivo,t6
809419216585.0,adicion,t6
826089356550.0,adicion,t3
881812202619.0,adicion,t5
903586749026.0,adicion,t7
921778522581.0,adicion,t6
924794709681.0,adicion,t3
940542973782.0,adicion,t6
970038693148.0,adicion,t6
979687351589.0,adicion,t5
85988418911.0,adicion,t6
199184963446.0,adicion,t6
221332167547.0,adicion,t2
227281920906.0,objetivo,t4
233883658616.0,objetivo,t6
291198084810.0,adicion,t6
307394265485.0,objetivo,t5
322882287348.0,adicion,t4
343072083293.0,objetivo,t1
343619799980.0,adicion,t5
354302475728.0,adicion,t5
367875451436.0,adicion,t4
414086660758.0,adicion,t6
415898014309.0,adicion,t7
427445674432.0,adicion,t5
470502339809.0,adicion,t5
531149590709.0,objetivo,t5
560728979463.0,objetivo,t6
638213819057.0,adicion,t5
713860801927.0,adicion,t1
729391164882.0,objetivo,t1
754876931768.0,adicion,t6
852735556434.0,objetivo,t4
897584194792.0,adicion,t5
898775316739.0,adicion,t5
915297557156.0,adicion,t1
920034232791.0,objetivo,t5
961110775397.0,adicion,t6
66865005499.0,adicion,t5
69720658244.0,adicion,t1
77433647716.0,adicion,t4
179259230847.0,objetivo,t2
196984613724.0,objetivo,t3
200107381470.0,objetivo,t6
209404638164.0,adicion,t3
210374032117.0,adicion,t6
238985480297.0,objetivo,t5
267587755716.0,objetivo,t6
276921980985.0,objetivo,t1
313290961313.0,objetivo,t7
337964543843.0,adicion,t7
356494079826.0,objetivo,t3
365175811680.0,adicion,t4
422902149558.0,adicion,t1
499992142394.0,adicion,t4
642691002394.0,adicion,t6
763506050834.0,adicion,t4
809808189504.0,adicion,t6
883629403368.0,adicion,t4
898810074731.0,adicion,t4
910004416279.0,objetivo,t4
52726578371.0,adicion,t3
134392486827.0,objetivo,t5
184714499253.0,adicion,t5
189984340022.0,objetivo,t5
194437412981.0,objetivo,t5
327281250801.0,adicion,t5
331561967092.0,objetivo,t7
357961103678.0,adicion,t5
384440520043.0,objetivo,t5
431338384089.0,adicion,t6
497285923583.0,adicion,t5
510571546909.0,adicion,t1
514018725852.0,adicion,t1
621326555373.0,objetivo,t6
703279686765.0,objetivo,t4
715641233082.0,objetivo,t3
754398879049.0,adicion,t6
762828187718.0,adicion,t6
807703188112.0,adicion,t7
815217485373.0,objetivo,t3
818791871924.0,adicion,t4
913544869138.0,adicion,t6
975399546790.0,adicion,t6
980965446113.0,objetivo,t3
27439799782.0,adicion,t4
39328801345.0,adicion,t5
41503732124.0,objetivo,t7
43095158460.0,objetivo,t4
53364983170.0,adicion,t6
81121471241.0,adicion,t4
139601036602.0,adicion,t3
247462509231.0,objetivo,t6
331231939533.0,adicion,t6
349674370440.0,adicion,t6
352666084449.0,objetivo,t5
354778885120.0,adicion,t6
463173530933.0,adicion,t6
510260956580.0,adicion,t4
540617942827.0,adicion,t7
552383615776.0,adicion,t5
588389278494.0,objetivo,t7
614113350288.0,adicion,t6
648795018120.0,objetivo,t6
677978439364.0,adicion,t5
719521025872.0,adicion,t6
759102453553.0,objetivo,t6
785902961045.0,objetivo,t6
813435989327.0,objetivo,t2
861968436039.0,objetivo,t4
954030850068.0,adicion,t2
954970614073.0,objetivo,t7
960114348015.0,adicion,t7
12197555051.0,adicion,t4
16669184887.0,adicion,t7
52599817207.0,objetivo,t5
87969403127.0,objetivo,t8
98678971856.0,objetivo,t6
247246442684.0,objetivo,t3
299017876865.0,objetivo,t3
316330331094.0,objetivo,t3
392608997154.0,adicion,t6
403453123282.0,adicion,t5
439554340970.0,adicion,t6
481254362304.0,objetivo,t6
533729398248.0,adicion,t7
583691681464.0,objetivo,t6
586378800842.0,adicion,t5
624323462338.0,adicion,t6
756621886316.0,objetivo,t6
763935027692.0,adicion,t6
772688023891.0,adicion,t6
787897799405.0,objetivo,t5
788850405181.0,adicion,t3
817367090717.0,adicion,t5
863725095045.0,adicion,t6
950112836030.0,adicion,t2
977837380730.0,adicion,t4
7110894928.0,adicion,t3
32638896046.0,adicion,t5
34034178767.0,adicion,t5
66955574601.0,adicion,t5
83920768762.0,objetivo,t7
163343716942.0,adicion,t2
164888073503.0,objetivo,t4
206812166182.0,objetivo,t6
258708088911.0,objetivo,t5
268868874371.0,objetivo,t6
296352674429.0,adicion,t3
378943065305.0,adicion,t5
379969666967.0,objetivo,t7
385917259338.0,objetivo,t7
389592715991.0,adicion,t7
391700130570.0,adicion,t5
398722815481.0,adicion,t6
422350034493.0,objetivo,t4
437351970934.0,adicion,t5
473538109062.0,adicion,t1
572576467997.0,adicion,t6
607750931771.0,adicion,t5
656849063915.0,objetivo,t2
694675287255.0,adicion,t1
760134637897.0,adicion,t5
763329321394.0,adicion,t5
765621029934.0,adicion,t2
788627652056.0,objetivo,t6
804189435699.0,objetivo,t4
819972435577.0,adicion,t6
823093533241.0,adicion,t4
832733448894.0,objetivo,t4
841068895011.0,adicion,t2
913993476017.0,objetivo,t6
914196949180.0,adicion,t6
934442933148.0,objetivo,t5
960416335524.0,objetivo,t6
39020229595.0,adicion,t4
45029740501.0,objetivo,t6
82979493535.0,objetivo,t2
105026611367.0,adicion,t5
116767686146.0,objetivo,t5
122616671537.0,adicion,t3
296105460024.0,objetivo,t2
323987818906.0,objetivo,t6
354617625988.0,objetivo,t4
365955347355.0,adicion,t5
485005189079.0,adicion,t7
502500059000.0,objetivo,t2
512529743890.0,objetivo,t6
518748510501.0,adicion,t6
527866038664.0,objetivo,t1
604027869904.0,objetivo,t3
610425218401.0,adicion,t6
647363964111.0,objetivo,t5
658353370636.0,adicion,t1
712773811607.0,adicion,t4
726530834831.0,objetivo,t6
758637731870.0,adicion,t5
766488040379.0,objetivo,t5
788538807682.0,objetivo,t5
793852346929.0,objetivo,t7
817337219127.0,adicion,t5
818387740722.0,adicion,t6
839958839639.0,adicion,t6
843517659814.0,objetivo,t2
932137145177.0,adicion,t1
935687898899.0,adicion,t6
939066537769.0,objetivo,t4
939494477522.0,adicion,t6
945545760550.0,adicion,t2
993029542841.0,adicion,t7
59397684260.0,adicion,t2
61633691424.0,objetivo,t6
119667614784.0,objetivo,t6
149415301985.0,adicion,t5
210338321868.0,objetivo,t5
212254100042.0,adicion,t5
246270396302.0,objetivo,t6
319814994358.0,adicion,t5
435102564156.0,objetivo,t7
455613755412.0,adicion,t4
493154813088.0,adicion,t5
541352250031.0,adicion,t2
608147370233.0,adicion,t7
611127529547.0,adicion,t4
616699614606.0,adicion,t7
628180457953.0,adicion,t6
653143634752.0,objetivo,t7
666900700261.0,adicion,t1
744385163628.0,objetivo,t6
777357213668.0,objetivo,t5
799195194819.0,objetivo,t6
816785400415.0,objetivo,t8
871513445527.0,adicion,t5
903100933910.0,objetivo,t7
960592725570.0,adicion,t6
964509171286.0,adicion,t1
329097195.0,objetivo,t6
66407961451.0,adicion,t1
113898721446.0,objetivo,t6
118430541817.0,adicion,t1
154851012081.0,adicion,t7
158535427189.0,objetivo,t7
177993076440.0,objetivo,t7
187720669124.0,objetivo,t6
295471793036.0,objetivo,t4
363077419984.0,adicion,t4
365063307580.0,adicion,t2
393351966587.0,objetivo,t6
398816683899.0,objetivo,t6
430282728129.0,objetivo,t7
520676924602.0,objetivo,t5
554111933623.0,adicion,t4
566221347429.0,adicion,t5
576563361204.0,objetivo,t7
624292089966.0,adicion,t2
645881818851.0,adicion,t6
707124769230.0,adicion,t3
719025235221.0,adicion,t4
755935371042.0,objetivo,t3
805023340456.0,adicion,t6
813631992135.0,adicion,t5
835526747211.0,adicion,t4
835635943130.0,objetivo,t3
909294308886.0,adicion,t7
930705270214.0,adicion,t3
63551805861.0,adicion,t1
293413889715.0,objetivo,t5
325265266811.0,adicion,t5
352512918529.0,objetivo,t7
366824548777.0,adicion,t6
382797291898.0,objetivo,t2
406267858988.0,objetivo,t5
406499219252.0,adicion,t5
418272403480.0,adicion,t5
495566760312.0,objetivo,t7
512256788085.0,objetivo,t6
608049346900.0,objetivo,t5
638758829322.0,adicion,t5
641546403959.0,adicion,t2
655762991742.0,objetivo,t3
684603677654.0,objetivo,t6
701552540725.0,adicion,t6
746001883045.0,objetivo,t6
788311663851.0,objetivo,t6
807776221619.0,objetivo,t3
816847484462.0,objetivo,t6
839136615750.0,objetivo,t6
855246073271.0,adicion,t6
888375250291.0,adicion,t5
889289619159.0,objetivo,t5
985225317554.0,adicion,t7
999786282122.0,adicion,t6
4656366807.0,adicion,t7
19288064941.0,adicion,t2
66935683176.0,adicion,t4
70000624520.0,objetivo,t6
73215058018.0,adicion,t3
98287034357.0,adicion,t2
109006405517.0,objetivo,t6
265718768889.0,objetivo,t3
268922430078.0,objetivo,t3
335323987341.0,adicion,t4
394174958725.0,adicion,t1
497832629943.0,objetivo,t4
549124145259.0,objetivo,t7
579603113486.0,objetivo,t5
580101045440.0,objetivo,t1
593063123522.0,adicion,t6
603619095657.0,adicion,t4
604746498787.0,objetivo,t5
607654325988.0,objetivo,t6
654014698451.0,objetivo,t4
708618217941.0,adicion,t6
772126466598.0,adicion,t6
788694308215.0,adicion,t6
802766205852.0,adicion,t5
818974903102.0,adicion,t2
830480604396.0,objetivo,t7
848698493902.0,objetivo,t5
855705944695.0,objetivo,t1
869574576984.0,adicion,t5
878263048232.0,adicion,t6
904991168592.0,objetivo,t5
996615446001.0,objetivo,t2
42425036754.0,adicion,t4
79912914158.0,objetivo,t6
108280755650.0,objetivo,t6
129018696354.0,adicion,t7
150885714651.0,adicion,t7
185885715256.0,objetivo,t6
210591728996.0,objetivo,t6
240064797423.0,adicion,t5
240623436838.0,adicion,t1
285085495286.0,objetivo,t6
337565254704.0,adicion,t5
370644436477.0,adicion,t3
388358848397.0,objetivo,t6
440219215224.0,adicion,t6
529020580691.0,adicion,t5
541441821733.0,adicion,t5
579202426376.0,adicion,t5
602828147128.0,objetivo,t4
610435770108.0,adicion,t5
636934899348.0,objetivo,t7
648528993972.0,adicion,t4
762831259382.0,adicion,t1
807180117979.0,objetivo,t5
851687673600.0,adicion,t6
889515161554.0,objetivo,t6
895132455358.0,objetivo,t5
946570641533.0,adicion,t4
95095812162.0,objetivo,t7
101772502639.0,adicion,t3
106847816254.0,adicion,t1
122113466897.0,adicion,t3
126274243698.0,adicion,t6
138293900475.0,adicion,t4
156985605873.0,objetivo,t4
185884972273.0,adicion,t6
204766446224.0,objetivo,t5
289698043356.0,adicion,t6
363057072542.0,objetivo,t7
371203863610.0,adicion,t6
371474248323.0,objetivo,t7
387353016039.0,adicion,t1
394439439569.0,objetivo,t3
422314205348.0,adicion,t6
452171985753.0,objetivo,t5
453033461432.0,objetivo,t7
499989760686.0,adicion,t3
529888959908.0,objetivo,t6
548389600129.0,objetivo,t6
619756045473.0,objetivo,t7
645515813126.0,adicion,t5
676086158942.0,objetivo,t7
725371579479.0,adicion,t5
726412290690.0,adicion,t4
789021089958.0,objetivo,t7
815761999485.0,adicion,t3
824952577217.0,adicion,t5
878732812926.0,adicion,t3
935410740679.0,adicion,t5
987940613646.0,objetivo,t7
59844919967.0,adicion,t7
61561271713.0,objetivo,t6
133484184771.0,adicion,t6
198439918819.0,adicion,t5
208382544468.0,adicion,t6
219353797114.0,objetivo,t1
256330269046.0,adicion,t6
266079616707.0,adicion,t6
270450180015.0,objetivo,t2
305748413872.0,adicion,t7
315881126214.0,objetivo,t5
367427250844.0,objetivo,t6
413769292482.0,adicion,t5
505235557974.0,adicion,t2
521992089124.0,adicion,t3
573758730647.0,adicion,t6
651627773536.0,adicion,t5
732653530653.0,adicion,t1
760479018897.0,adicion,t1
796518668516.0,adicion,t6
828522262067.0,objetivo,t6
852885924709.0,objetivo,t6
891629864036.0,adicion,t5
922293308498.0,adicion,t6
951799957741.0,objetivo,t6
1285504146.0,adicion,t6
44779830100.0,objetivo,t5
95298755054.0,objetivo,t1
114949554215.0,objetivo,t7
135968747540.0,objetivo,t6
175404095509.0,adicion,t1
194244099855.0,adicion,t6
201378264504.0,objetivo,t7
317389912127.0,adicion,t5
382894637137.0,adicion,t5
387111308579.0,objetivo,t5
390261951391.0,objetivo,t5
423307599852.0,objetivo,t5
489138180323.0,adicion,t3
498116400495.0,adicion,t5
521090622331.0,adicion,t3
572096719236.0,adicion,t5
639380817843.0,adicion,t6
696336706899.0,objetivo,t6
751806842449.0,adicion,t5
771498924173.0,objetivo,t5
861738270581.0,objetivo,t3
862218145852.0,adicion,t3
880330180374.0,objetivo,t7
895189942806.0,objetivo,t6
925775765834.0,objetivo,t4
936657386936.0,objetivo,t3
11562419702.0,adicion,t6
51271265423.0,adicion,t5
108807489342.0,adicion,t3
145800911204.0,objetivo,t6
179479754132.0,adicion,t2
184515134384.0,adicion,t6
222968034155.0,objetivo,t6
231924281353.0,objetivo,t7
293033514541.0,adicion,t4
299555092071.0,adicion,t6
341303758954.0,adicion,t5
346352902360.0,adicion,t5
349894941566.0,adicion,t3
368789511124.0,adicion,t4
420358009750.0,adicion,t6
437683237854.0,objetivo,t3
444792610850.0,adicion,t5
512702960734.0,objetivo,t5
534898802936.0,adicion,t6
537169245680.0,objetivo,t4
546536259680.0,objetivo,t5
568830422697.0,objetivo,t7
569015443738.0,objetivo,t4
691051852491.0,adicion,t5
705775784124.0,objetivo,t7
715637080721.0,objetivo,t7
727383150662.0,objetivo,t6
741665320735.0,adicion,t6
814812404179.0,adicion,t6
895179024618.0,adicion,t6
961280935586.0,objetivo,t4
7489602032.0,adicion,t6
57229126097.0,objetivo,t6
109570898656.0,adicion,t3
162852846384.0,objetivo,t1
200523039673.0,adicion,t6
213779309475.0,adicion,t6
233033139563.0,objetivo,t7
252469121180.0,adicion,t3
297908044258.0,objetivo,t6
337407794051.0,objetivo,t6
385234261362.0,adicion,t5
417200448630.0,objetivo,t6
479518475074.0,objetivo,t5
547280240376.0,objetivo,t6
694101241436.0,objetivo,t6
720188271463.0,objetivo,t5
732384240692.0,adicion,t4
733474301251.0,adicion,t7
859735120771.0,objetivo,t4
916645989731.0,objetivo,t5
1002189849.0,adicion,t5
295278973104.0,adicion,t4
408089464291.0,adicion,t5
416273017442.0,adicion,t5
439658017643.0,objetivo,t3
450303204067.0,objetivo,t6
488335450368.0,objetivo,t5
519797587322.0,adicion,t6
549496499727.0,adicion,t5
561353984966.0,adicion,t6
563934919848.0,adicion,t5
581095041721.0,adicion,t5
655812139546.0,adicion,t6
710712970048.0,adicion,t4
770164883214.0,adicion,t1
783354188324.0,adicion,t5
874253059212.0,objetivo,t6
900043112631.0,adicion,t6
925109854553.0,adicion,t6
930258578858.0,adicion,t6
942922147301.0,objetivo,t6
944207343670.0,adicion,t5
951833907371.0,objetivo,t1
954346551489.0,adicion,t6
971804804238.0,adicion,t3
985228943069.0,objetivo,t6
998127162417.0,adicion,t6
44519895067.0,objetivo,t4
51157684604.0,adicion,t3
80731981562.0,objetivo,t5
117349913641.0,objetivo,t4
159960385163.0,adicion,t5
172169039721.0,objetivo,t5
174513805592.0,objetivo,t5
197518446199.0,adicion,t1
378800010507.0,objetivo,t6
381296103173.0,objetivo,t5
458469775946.0,adicion,t6
491453986399.0,objetivo,t7
537964346593.0,objetivo,t2
538355750262.0,objetivo,t5
579260573949.0,adicion,t6
631233400812.0,adicion,t7
709009482479.0,objetivo,t6
726927751387.0,adicion,t6
737337126168.0,objetivo,t7
832133941408.0,objetivo,t7
834701250246.0,adicion,t5
982426969505.0,adicion,t6
19280697659.0,objetivo,t6
44839166815.0,adicion,t6
70309883355.0,objetivo,t4
71573351107.0,adicion,t4
90073692929.0,adicion,t6
94314120022.0,objetivo,t5
124037979905.0,objetivo,t6
172105770264.0,objetivo,t6
186229131357.0,objetivo,t4
190133904724.0,adicion,t2
202024738606.0,objetivo,t6
203199897105.0,objetivo,t6
224561387437.0,objetivo,t5
324968622388.0,objetivo,t5
342958837090.0,adicion,t6
343161769878.0,objetivo,t6
381316813611.0,adicion,t1
406198394415.0,objetivo,t6
420110043157.0,adicion,t5
442295582172.0,objetivo,t6
467931570106.0,adicion,t5
501671113916.0,objetivo,t1
529339357986.0,adicion,t6
565377570615.0,adicion,t6
579222046266.0,objetivo,t6
590871267245.0,objetivo,t6
632640585325.0,adicion,t5
769078953405.0,adicion,t1
901216537658.0,adicion,t5
920594835023.0,adicion,t6
928992545446.0,objetivo,t4
929629276750.0,adicion,t6
930694308114.0,adicion,t5
43331016583.0,adicion,t3
97202232874.0,adicion,t5
100484971382.0,adicion,t5
165887831979.0,adicion,t7
171140316557.0,objetivo,t5
175602685644.0,adicion,t5
185726728671.0,adicion,t6
191766881846.0,objetivo,t5
265214064567.0,objetivo,t2
278451525293.0,adicion,t3
353274473887.0,objetivo,t6
364273236889.0,adicion,t5
390723807682.0,adicion,t5
499810721076.0,adicion,t1
508102205317.0,adicion,t6
559300797655.0,adicion,t7
568073105178.0,adicion,t5
583124160454.0,adicion,t6
650117779964.0,adicion,t2
673892209904.0,adicion,t2
674883494425.0,objetivo,t7
688833989792.0,adicion,t5
713652082278.0,objetivo,t5
752438929786.0,objetivo,t5
777314227132.0,adicion,t6
778975889645.0,adicion,t4
820808107840.0,objetivo,t6
824650352956.0,adicion,t5
843418722917.0,adicion,t4
855825037239.0,adicion,t5
888882634408.0,adicion,t6
897780211804.0,adicion,t7
926386670833.0,adicion,t6
939142845908.0,adicion,t3
966822284411.0,adicion,t4
979689410383.0,adicion,t2
12537498680.0,adicion,t6
132111674341.0,adicion,t2
217954247796.0,objetivo,t4
220707294180.0,objetivo,t6
223455175238.0,adicion,t1
264291533642.0,objetivo,t5
416694740907.0,objetivo,t4
435764505166.0,objetivo,t7
445682645823.0,adicion,t5
460470029052.0,adicion,t5
523117837577.0,adicion,t5
556684098451.0,objetivo,t6
590347572250.0,objetivo,t7
623096808568.0,objetivo,t5
623246874825.0,objetivo,t5
647138036197.0,adicion,t4
688716317661.0,adicion,t6
769175044971.0,adicion,t7
778841490181.0,objetivo,t1
834860080135.0,objetivo,t5
881377150053.0,objetivo,t3
882654831087.0,adicion,t6
902243616268.0,objetivo,t4
917812975411.0,adicion,t3
925881247590.0,objetivo,t7
998422095561.0,objetivo,t1
30241933874.0,adicion,t5
32254101475.0,adicion,t4
67817477721.0,objetivo,t6
111627438315.0,objetivo,t6
158077342055.0,objetivo,t5
187496761082.0,adicion,t2
191842050346.0,adicion,t7
206345288389.0,adicion,t5
280289179624.0,adicion,t2
308413679528.0,objetivo,t6
311994387792.0,objetivo,t6
352117220876.0,adicion,t4
394298479896.0,objetivo,t6
441017627397.0,objetivo,t7
456478014963.0,objetivo,t3
533719128190.0,objetivo,t5
573756292598.0,objetivo,t6
641300278831.0,objetivo,t5
746605638179.0,objetivo,t6
801956317211.0,objetivo,t4
806311974181.0,adicion,t4
812006619896.0,adicion,t4
814634564687.0,adicion,t1
829065837057.0,adicion,t5
858766156529.0,objetivo,t6
878486859913.0,adicion,t4
880847407040.0,adicion,t5
912735113922.0,adicion,t6
954084628158.0,adicion,t5
957606856461.0,adicion,t1
996483299588.0,adicion,t5
26672214630.0,objetivo,t6
43146300000.0,objetivo,t5
70519421119.0,adicion,t5
92072780362.0,adicion,t2
97571237395.0,adicion,t6
119970411521.0,adicion,t1
158469307579.0,objetivo,t6
226744697422.0,objetivo,t7
274148843449.0,objetivo,t7
277482182571.0,objetivo,t5
277638517491.0,objetivo,t6
294212039952.0,objetivo,t5
296292682489.0,adicion,t7
329047039950.0,adicion,t4
358392940951.0,adicion,t4
368675513359.0,objetivo,t6
391083080319.0,adicion,t4
464570113443.0,objetivo,t5
510741339274.0,adicion,t5
560955555491.0,adicion,t3
609131740052.0,adicion,t1
660906592474.0,objetivo,t4
690569187496.0,objetivo,t6
735859059819.0,adicion,t5
826002798268.0,adicion,t4
831993458151.0,objetivo,t5
840977172209.0,adicion,t1
993193656670.0,objetivo,t5
5799547127.0,adicion,t4
50901667205.0,adicion,t1
90301621439.0,adicion,t2
96276710334.0,adicion,t6
109253925047.0,adicion,t5
113073613056.0,adicion,t6
126063369769.0,objetivo,t6
133158874442.0,objetivo,t4
149528481207.0,objetivo,t7
154347994574.0,adicion,t4
159458773777.0,adicion,t5
188171552937.0,adicion,t5
349699753027.0,adicion,t7
359276850488.0,objetivo,t4
441614366498.0,adicion,t1
451743842839.0,objetivo,t5
464321607602.0,objetivo,t5
513087466698.0,objetivo,t1
516905612837.0,adicion,t6
545736650135.0,adicion,t3
595589252070.0,adicion,t2
620973877375.0,objetivo,t4
621626489018.0,adicion,t5
648941941131.0,adicion,t5
651762737200.0,objetivo,t6
661676426938.0,adicion,t6
752468433408.0,adicion,t3
859022209143.0,adicion,t5
927573244888.0,adicion,t5
29425668528.0,objetivo,t5
53836803525.0,adicion,t6
80262505060.0,objetivo,t1
91681072610.0,objetivo,t5
133287067112.0,objetivo,t5
169494854675.0,adicion,t4
244515809632.0,adicion,t8
295951581248.0,adicion,t4
331103990099.0,objetivo,t2
408452533367.0,adicion,t5
464524467765.0,adicion,t1
476397066346.0,adicion,t6
511943781825.0,adicion,t5
538821740518.0,adicion,t7
540537760204.0,objetivo,t6
574523460746.0,adicion,t4
635592289407.0,objetivo,t6
654316480683.0,objetivo,t7
692544462190.0,adicion,t4
802400813943.0,objetivo,t5
807633100237.0,adicion,t3
813363142486.0,adicion,t5
845780171311.0,adicion,t3
881549190577.0,adicion,t3
942514417897.0,adicion,t4
963225631673.0,objetivo,t6
968556752388.0,objetivo,t6
1933542176.0,objetivo,t5
79834801820.0,objetivo,t6
88678845715.0,objetivo,t6
108988723503.0,adicion,t5
135533099550.0,objetivo,t5
136568254677.0,adicion,t5
148703159938.0,adicion,t3
227207723447.0,adicion,t2
239683967161.0,adicion,t4
274019830482.0,adicion,t3
299693798315.0,adicion,t3
347166550991.0,adicion,t6
351159506986.0,adicion,t6
366212022201.0,adicion,t6
393679891195.0,adicion,t6
434535700165.0,objetivo,t2
543477004688.0,objetivo,t7
555822283482.0,adicion,t4
587905922545.0,objetivo,t6
631699748582.0,adicion,t5
700052800321.0,adicion,t4
700111358044.0,objetivo,t3
721678769227.0,objetivo,t5
740136705209.0,adicion,t6
744410374497.0,objetivo,t6
816080472730.0,objetivo,t4
846363966780.0,objetivo,t5
849629604991.0,adicion,t7
943525191612.0,objetivo,t6
995834991513.0,adicion,t4
56917665883.0,objetivo,t5
172617127160.0,objetivo,t2
176933446299.0,adicion,t4
295992552879.0,adicion,t7
321272298081.0,adicion,t6
336196333160.0,adicion,t7
409007531571.0,adicion,t1
438513744056.0,objetivo,t7
493014757469.0,adicion,t6
574310028688.0,objetivo,t2
720202158035.0,adicion,t3
735892190900.0,adicion,t7
740809675602.0,objetivo,t6
742430782942.0,adicion,t3
752745455661.0,objetivo,t5
842408716478.0,adicion,t5
910362118461.0,adicion,t3
933194665350.0,adicion,t5
975839590867.0,adicion,t5
983462426678.0,adicion,t1
19952461315.0,adicion,t5
155789333157.0,adicion,t7
169115235959.0,adicion,t5
207277850350.0,adicion,t3
327939582354.0,objetivo,t6
372996138086.0,adicion,t6
411886863295.0,objetivo,t6
525123716308.0,adicion,t6
532805977867.0,adicion,t5
562586731858.0,objetivo,t4
635510064202.0,objetivo,t6
653630465768.0,objetivo,t1
693400026721.0,objetivo,t5
742739296360.0,adicion,t6
832876062240.0,adicion,t5
856870513823.0,objetivo,t6
883276994957.0,adicion,t5
929100553436.0,objetivo,t5
45231380135.0,objetivo,t7
97428488297.0,objetivo,t7
107981512863.0,adicion,t5
146557320750.0,adicion,t5
163608118539.0,objetivo,t5
221304363139.0,objetivo,t7
237264118745.0,adicion,t4
254513781891.0,adicion,t5
270610279680.0,adicion,t7
279890629073.0,objetivo,t7
325259393090.0,objetivo,t5
347698636419.0,adicion,t5
353878169661.0,adicion,t7
379976964761.0,adicion,t7
394593971431.0,objetivo,t6
399163969690.0,objetivo,t6
408488877569.0,objetivo,t7
543914119258.0,objetivo,t5
551024972459.0,adicion,t6
603378570821.0,objetivo,t5
619418061161.0,objetivo,t6
707407254545.0,objetivo,t5
741634893204.0,objetivo,t6
757686765178.0,adicion,t3
853329171531.0,adicion,t6
961955687793.0,objetivo,t6
994506225813.0,adicion,t6
65860945995.0,objetivo,t6
115619178239.0,adicion,t6
234545950464.0,objetivo,t6
274861077063.0,adicion,t5
411223130354.0,adicion,t4
436434084201.0,objetivo,t6
436482322453.0,objetivo,t5
458115520248.0,objetivo,t6
462449316636.0,objetivo,t6
487810158610.0,objetivo,t4
532077516108.0,objetivo,t5
644440683706.0,adicion,t5
669842101703.0,objetivo,t6
699321823841.0,objetivo,t5
838887659657.0,adicion,t4
959559846920.0,objetivo,t6
978854492592.0,adicion,t6
29439739336.0,objetivo,t6
51533788107.0,objetivo,t5
130021868076.0,objetivo,t5
151953549487.0,adicion,t2
222606971151.0,objetivo,t1
262912662797.0,adicion,t6
296820856334.0,objetivo,t7
311908598734.0,objetivo,t5
325847834565.0,objetivo,t6
352708547474.0,adicion,t2
386390327370.0,adicion,t4
401022496101.0,adicion,t7
402295311626.0,objetivo,t4
560372350123.0,adicion,t5
625474949024.0,objetivo,t5
702249169476.0,objetivo,t3
761261747715.0,adicion,t5
778573269632.0,adicion,t5
844358470831.0,adicion,t5
882179397635.0,adicion,t5
910912656501.0,adicion,t6
943682889932.0,objetivo,t5
760640017.0,adicion,t6
8967908151.0,objetivo,t6
19448706863.0,objetivo,t2
57115688731.0,objetivo,t6
108582492730.0,objetivo,t3
117153070305.0,adicion,t6
120517708071.0,adicion,t6
155312017530.0,adicion,t4
200283095240.0,adicion,t6
229051812963.0,adicion,t3
256255438283.0,objetivo,t2
263036310602.0,adicion,t2
295953279204.0,objetivo,t5
315267572948.0,objetivo,t6
397544405038.0,objetivo,t6
399475887085.0,adicion,t3
413021576128.0,objetivo,t7
435603042888.0,objetivo,t5
443198176897.0,adicion,t5
478561986004.0,adicion,t2
529504723444.0,adicion,t6
530259145820.0,objetivo,t5
558095541635.0,adicion,t6
559582315789.0,objetivo,t6
632915503761.0,adicion,t5
675738893814.0,objetivo,t5
687055910949.0,objetivo,t6
692596670254.0,objetivo,t6
712754080257.0,objetivo,t6
739324284947.0,objetivo,t6
748183941203.0,adicion,t5
799604618599.0,adicion,t5
804333124147.0,objetivo,t3
833438019163.0,adicion,t4
987547141778.0,adicion,t4
3053059328.0,adicion,t4
12822655541.0,objetivo,t4
43887356667.0,objetivo,t6
78323886548.0,objetivo,t6
80531442125.0,objetivo,t3
194322827841.0,adicion,t3
216326365291.0,adicion,t1
266656575848.0,adicion,t5
285389071911.0,objetivo,t6
318008327532.0,objetivo,t6
354900987290.0,objetivo,t6
368988321401.0,adicion,t5
396516604835.0,adicion,t6
415813746060.0,adicion,t5
424934155755.0,adicion,t5
461879733570.0,adicion,t5
523244904448.0,objetivo,t6
571810793758.0,adicion,t4
573964805100.0,adicion,t6
576503088061.0,adicion,t6
652189893476.0,adicion,t5
736338220132.0,objetivo,t6
741660613326.0,objetivo,t3
793839594838.0,adicion,t5
826468529818.0,adicion,t5
827160928235.0,adicion,t3
830371583560.0,adicion,t7
831301007811.0,adicion,t3
834293739805.0,adicion,t4
16907745452.0,adicion,t5
52544713286.0,objetivo,t7
60649145758.0,objetivo,t6
72760064195.0,adicion,t3
98498686784.0,adicion,t5
209782974831.0,objetivo,t5
223713766547.0,objetivo,t5
272231073347.0,adicion,t4
298145484299.0,adicion,t1
306409140729.0,objetivo,t7
307741344598.0,adicion,t6
312639178665.0,adicion,t1
356505616779.0,adicion,t1
363705657897.0,adicion,t1
370515349315.0,adicion,t5
460303260793.0,objetivo,t7
507316665885.0,objetivo,t8
529158298933.0,objetivo,t6
535359477685.0,objetivo,t6
559796174451.0,adicion,t5
591282520024.0,adicion,t6
668254506049.0,objetivo,t7
691930028870.0,objetivo,t6
697261757448.0,adicion,t2
730784702288.0,objetivo,t6
811701725821.0,objetivo,t7
829772128733.0,objetivo,t5
836555382173.0,adicion,t6
845405210934.0,adicion,t4
907297528337.0,objetivo,t5
925085057563.0,objetivo,t5
959062153198.0,objetivo,t7
5731325503.0,objetivo,t5
37512197667.0,adicion,t5
69881559391.0,objetivo,t6
173442149407.0,objetivo,t6
186803338768.0,objetivo,t6
221055145484.0,objetivo,t6
252579752411.0,objetivo,t5
310625132063.0,adicion,t2
329509998049.0,adicion,t5
341273403980.0,adicion,t6
528115491966.0,adicion,t6
536007888816.0,adicion,t3
536994219539.0,adicion,t5
619555790696.0,objetivo,t6
632589252789.0,objetivo,t6
656429569611.0,adicion,t4
675375695208.0,adicion,t6
703852803669.0,objetivo,t2
713250520570.0,adicion,t5
776333692852.0,objetivo,t5
868255398337.0,objetivo,t6
907526970161.0,adicion,t6
997868456203.0,objetivo,t6
16399610827.0,objetivo,t5
26479460400.0,adicion,t5
34518902136.0,adicion,t5
63873233781.0,objetivo,t6
73509245379.0,adicion,t5
81308670793.0,objetivo,t7
239821476139.0,adicion,t5
267223852872.0,adicion,t4
278937635712.0,objetivo,t7
330246602738.0,adicion,t6
367094534783.0,adicion,t7
403442112843.0,adicion,t4
406728530972.0,adicion,t1
447021788133.0,objetivo,t3
572163912618.0,adicion,t3
633525455055.0,adicion,t7
645717782002.0,adicion,t5
670705743022.0,objetivo,t6
722445286577.0,adicion,t6
762260394674.0,adicion,t6
814270977625.0,objetivo,t5
836234191050.0,adicion,t7
857446722005.0,objetivo,t5
860411699858.0,adicion,t6
934365832260.0,adicion,t5
954876854066.0,adicion,t1
971012703268.0,adicion,t5
26561025780.0,adicion,t3
117308533560.0,adicion,t2
127624545028.0,adicion,t5
163964979538.0,adicion,t2
274335577481.0,objetivo,t5
315950008823.0,adicion,t1
322869086070.0,objetivo,t5
341425090787.0,adicion,t6
345815246207.0,adicion,t4
384808218234.0,objetivo,t5
386860530483.0,objetivo,t5
402857689840.0,adicion,t6
439460308329.0,objetivo,t5
483273159932.0,objetivo,t6
498688303079.0,adicion,t6
522451828078.0,objetivo,t4
526802039412.0,adicion,t2
587272069649.0,adicion,t6
727973930285.0,adicion,t2
797368541060.0,adicion,t1
179510476811.0,adicion,t6
228794815469.0,objetivo,t6
367297805258.0,adicion,t1
493604088598.0,adicion,t1
503441920072.0,objetivo,t1
520052730453.0,objetivo,t4
573233278320.0,adicion,t7
590071424082.0,objetivo,t5
669719890670.0,adicion,t7
763868371225.0,adicion,t4
785715325563.0,objetivo,t4
856002794465.0,objetivo,t6
866822245015.0,objetivo,t5
879581528680.0,adicion,t4
889397460491.0,adicion,t5
890275733647.0,adicion,t7
899068488194.0,adicion,t5
933348785260.0,adicion,t4
936033705998.0,adicion,t3
970379189763.0,objetivo,t6
990665007727.0,adicion,t6
16782424635.0,objetivo,t6
28346265116.0,adicion,t7
60754879249.0,adicion,t6
82893279690.0,adicion,t5
95532562299.0,objetivo,t6
142168951470.0,adicion,t1
180827314067.0,adicion,t5
221916269513.0,adicion,t5
263040695894.0,adicion,t3
281785647575.0,adicion,t6
290729203905.0,adicion,t2
303956845088.0,adicion,t5
331611876693.0,objetivo,t5
341851359722.0,objetivo,t5
366504369696.0,adicion,t4
373464332533.0,objetivo,t6
427667409836.0,adicion,t5
484153100500.0,adicion,t7
519080256082.0,objetivo,t3
547630458524.0,adicion,t3
587169049902.0,objetivo,t5
695125603352.0,objetivo,t5
697225368971.0,adicion,t5
730200282642.0,adicion,t6
788772562635.0,adicion,t5
794299410380.0,adicion,t5
795841057897.0,objetivo,t5
829344152408.0,adicion,t6
857553571367.0,objetivo,t7
876464583439.0,objetivo,t6
943642866927.0,objetivo,t6
965853420281.0,adicion,t1
43577617229.0,objetivo,t5
76492998954.0,objetivo,t6
76917757111.0,adicion,t5
80624113922.0,objetivo,t6
128169509524.0,adicion,t3
128668289771.0,objetivo,t1
173147607800.0,adicion,t6
177895309508.0,adicion,t5
251088334626.0,objetivo,t7
363307684942.0,adicion,t1
413696219641.0,adicion,t6
462450255893.0,adicion,t5
483154790662.0,objetivo,t7
551897017946.0,objetivo,t4
575106763087.0,objetivo,t6
575250397214.0,objetivo,t6
611968480852.0,adicion,t5
654580997901.0,objetivo,t5
676548073758.0,adicion,t2
712017502120.0,adicion,t5
714246840780.0,objetivo,t6
760531858697.0,objetivo,t4
765883261805.0,adicion,t6
884116103513.0,adicion,t2
884121547124.0,adicion,t5
915838001350.0,adicion,t4
963326459686.0,adicion,t1
24561820537.0,adicion,t4
30181277626.0,objetivo,t5
33523799809.0,objetivo,t7
41725143699.0,adicion,t5
52477376570.0,objetivo,t6
100256249181.0,adicion,t4
105569356810.0,adicion,t6
122316455960.0,objetivo,t6
123260256466.0,objetivo,t5
135094762726.0,adicion,t6
142583402476.0,adicion,t5
193859278068.0,objetivo,t6
264582152488.0,objetivo,t6
357124999344.0,objetivo,t6
403429229881.0,adicion,t6
511313110916.0,objetivo,t7
531705209525.0,objetivo,t5
605650628118.0,objetivo,t5
667374625385.0,objetivo,t6
693035632497.0,objetivo,t6
773761134094.0,adicion,t6
832363354658.0,adicion,t5
864314366603.0,adicion,t5
880101073518.0,adicion,t4
929884026963.0,adicion,t1
975452113021.0,adicion,t7
11652103378.0,adicion,t5
86224072724.0,objetivo,t6
189352824566.0,objetivo,t6
211682378384.0,objetivo,t6
216382082494.0,objetivo,t6
251273890736.0,adicion,t4
254782481083.0,objetivo,t6
271096588288.0,objetivo,t6
272055167966.0,adicion,t6
298505925912.0,objetivo,t5
333214165474.0,objetivo,t1
344593093458.0,adicion,t5
353779148878.0,adicion,t6
384318990453.0,adicion,t6
413147719587.0,objetivo,t7
522046740273.0,objetivo,t4
573712810992.0,adicion,t6
581643816655.0,adicion,t6
629570915962.0,adicion,t4
677269738907.0,adicion,t6
794420253161.0,objetivo,t4
805447605011.0,objetivo,t4
838436016062.0,objetivo,t6
891468907440.0,adicion,t3
894826547167.0,objetivo,t5
940473121050.0,objetivo,t4
954465741542.0,adicion,t4
984745401080.0,objetivo,t6
27374666291.0,adicion,t5
29376383660.0,objetivo,t6
102321687511.0,objetivo,t3
284016173684.0,adicion,t3
333702540870.0,adicion,t4
379626889207.0,adicion,t7
454469635989.0,objetivo,t6
492775460239.0,adicion,t6
494921439428.0,objetivo,t1
500387159013.0,objetivo,t6
505233452038.0,adicion,t6
517389854849.0,objetivo,t5
524854564421.0,adicion,t4
555858196495.0,objetivo,t6
582967260850.0,adicion,t6
609917448683.0,adicion,t2
624597802999.0,adicion,t6
651103303546.0,objetivo,t6
680774872637.0,adicion,t4
704754836216.0,objetivo,t6
721470249504.0,adicion,t5
827441657530.0,objetivo,t6
931850889800.0,adicion,t6
997268022824.0,adicion,t4
7677466966.0,adicion,t4
41477610468.0,adicion,t3
162271032039.0,adicion,t1
185285133369.0,objetivo,t7
200456225479.0,adicion,t2
229137521400.0,objetivo,t5
243093794982.0,adicion,t3
353132777008.0,adicion,t5
498418560760.0,adicion,t4
537950396681.0,objetivo,t5
573739773089.0,adicion,t5
710576619959.0,adicion,t4
746634761825.0,adicion,t7
767960390177.0,adicion,t7
771875454383.0,adicion,t7
790438430132.0,objetivo,t4
847387254623.0,adicion,t6
864044850798.0,adicion,t7
872548124225.0,adicion,t5
906769658049.0,objetivo,t5
924077411031.0,adicion,t1
958455359671.0,adicion,t4
973087672850.0,adicion,t1
975275033930.0,adicion,t6
14647091770.0,adicion,t3
176899048326.0,adicion,t3
287033893586.0,objetivo,t7
313168757500.0,objetivo,t6
320007688413.0,objetivo,t6
399303563896.0,adicion,t5
481557808841.0,adicion,t5
511577258874.0,adicion,t7
535374532785.0,adicion,t1
583728188454.0,objetivo,t6
591421017325.0,objetivo,t5
592807785816.0,adicion,t5
623369087592.0,adicion,t3
750493255626.0,objetivo,t6
764903909982.0,adicion,t6
816858062318.0,adicion,t5
827192382790.0,objetivo,t6
829038753761.0,adicion,t7
937719312318.0,adicion,t5
938567037917.0,adicion,t1
26668656831.0,objetivo,t5
50471028814.0,objetivo,t6
102238089875.0,adicion,t6
137472886936.0,adicion,t3
146466992509.0,adicion,t6
163820234486.0,objetivo,t1
165730140090.0,objetivo,t6
183389862381.0,adicion,t7
187437084478.0,adicion,t5
189113991894.0,objetivo,t6
219352482195.0,adicion,t4
264640544756.0,objetivo,t5
273609015269.0,objetivo,t7
285446898655.0,adicion,t5
340521518588.0,objetivo,t3
378083527967.0,objetivo,t6
391843204077.0,objetivo,t1
442228419734.0,objetivo,t5
472867082810.0,objetivo,t1
490098619511.0,objetivo,t7
507645711615.0,adicion,t6
565256598498.0,objetivo,t5
729612635596.0,objetivo,t4
762898238045.0,adicion,t5
776697274740.0,adicion,t7
799878240988.0,objetivo,t5
816438202079.0,objetivo,t6
852219326679.0,adicion,t4
861919172794.0,objetivo,t1
866817247936.0,adicion,t5
895977708358.0,adicion,t4
898871776156.0,objetivo,t6
924400256988.0,adicion,t4
947370698731.0,adicion,t1
998256755446.0,adicion,t6
24952353523.0,objetivo,t5
26402791710.0,objetivo,t6
105653213063.0,objetivo,t6
108860249031.0,objetivo,t7
142513115679.0,adicion,t5
166018997173.0,adicion,t4
176612225576.0,adicion,t6
220218021513.0,adicion,t4
234350329246.0,adicion,t4
237376957527.0,adicion,t4
247931918820.0,objetivo,t3
272236991163.0,adicion,t6
282704196251.0,adicion,t4
313992948110.0,objetivo,t2
386960992558.0,adicion,t5
399930434948.0,adicion,t7
442533233519.0,adicion,t5
466364484230.0,objetivo,t4
466986087917.0,objetivo,t6
560207130647.0,adicion,t4
599261925327.0,objetivo,t6
658819433018.0,adicion,t6
708364858330.0,objetivo,t3
747676701609.0,objetivo,t6
773013436011.0,objetivo,t5
776644651471.0,adicion,t2
818183508715.0,adicion,t6
992754532786.0,adicion,t7
57685052471.0,objetivo,t4
78883982025.0,objetivo,t7
102156000884.0,objetivo,t6
139119452201.0,objetivo,t6
175950881147.0,objetivo,t6
187961579953.0,adicion,t5
244520830866.0,objetivo,t5
246394776099.0,adicion,t2
257384328532.0,adicion,t6
271015555440.0,adicion,t7
352572641577.0,objetivo,t4
358023607931.0,objetivo,t5
401652737702.0,adicion,t3
456061362587.0,adicion,t5
468653301553.0,objetivo,t4
519470358086.0,objetivo,t7
605994395359.0,objetivo,t3
639507767551.0,adicion,t3
722086865902.0,objetivo,t6
729637196215.0,objetivo,t6
729838071028.0,adicion,t2
796933501035.0,adicion,t5
811840924183.0,objetivo,t6
890530575777.0,objetivo,t5
900605070703.0,adicion,t6
916680296659.0,objetivo,t6
917216709351.0,adicion,t6
938828141375.0,objetivo,t6
958247109100.0,objetivo,t4
961544927856.0,adicion,t3
973805444907.0,adicion,t6
86855652381.0,objetivo,t6
153362988807.0,objetivo,t7
170167357773.0,adicion,t6
177470372658.0,adicion,t3
179425322361.0,adicion,t6
194222880201.0,adicion,t6
277001290164.0,objetivo,t6
335921336807.0,objetivo,t7
336308252702.0,objetivo,t6
422401126625.0,objetivo,t6
443716714319.0,objetivo,t2
453275729142.0,adicion,t4
482510035280.0,adicion,t6
522852005283.0,adicion,t4
598519841878.0,objetivo,t5
609280659795.0,adicion,t4
634449647763.0,adicion,t4
675062313314.0,adicion,t1
742758663554.0,adicion,t5
772374734311.0,objetivo,t6
860671328364.0,objetivo,t5
896398163304.0,adicion,t1
927903383724.0,objetivo,t5
929561042194.0,objetivo,t6
938686203851.0,adicion,t4
939603463440.0,objetivo,t6
948907698931.0,objetivo,t2
981625496939.0,adicion,t6
998327150053.0,adicion,t7
65320258591.0,objetivo,t6
141358267130.0,objetivo,t6
193328439892.0,objetivo,t3
220092026759.0,objetivo,t6
249796747043.0,objetivo,t4
278764984744.0,adicion,t4
279304369264.0,adicion,t7
602584265616.0,adicion,t6
611634081725.0,adicion,t5
656849344247.0,adicion,t7
667937854836.0,adicion,t7
736210009011.0,objetivo,t4
785978230000.0,adicion,t7
821334316160.0,adicion,t6
832342789204.0,adicion,t1
878683338958.0,objetivo,t6
958287715958.0,adicion,t5
27052814968.0,adicion,t5
126524906288.0,adicion,t6
163416848387.0,objetivo,t6
237104058597.0,adicion,t3
281589815514.0,objetivo,t4
299148197013.0,objetivo,t3
486118363114.0,objetivo,t6
507337819664.0,adicion,t4
512509627125.0,objetivo,t6
559527020587.0,adicion,t5
590639578090.0,objetivo,t1
692456352012.0,objetivo,t6
703835034561.0,objetivo,t5
708767723258.0,objetivo,t6
821012285982.0,objetivo,t5
859688850997.0,adicion,t5
890981055286.0,objetivo,t5
942277741548.0,objetivo,t5
945980969635.0,adicion,t3
993582458647.0,adicion,t7
6285793894.0,adicion,t5
16711459214.0,adicion,t5
60698342826.0,adicion,t6
64495033318.0,adicion,t2
78054090673.0,adicion,t6
102463789656.0,adicion,t5
140764218272.0,adicion,t6
145860987700.0,adicion,t8
169801446366.0,objetivo,t7
191031074537.0,adicion,t4
236342460899.0,adicion,t6
340362334038.0,adicion,t2
425603709623.0,objetivo,t6
432555326625.0,objetivo,t5
456042859919.0,objetivo,t4
491349784769.0,adicion,t2
509026788944.0,objetivo,t5
543919149373.0,objetivo,t7
599780547411.0,objetivo,t6
616850117027.0,objetivo,t6
661179683708.0,objetivo,t6
672895293983.0,objetivo,t3
706270433318.0,adicion,t5
714681956022.0,objetivo,t5
756650450404.0,adicion,t6
882076297622.0,objetivo,t6
883798034299.0,adicion,t4
951866570185.0,adicion,t7
85617845621.0,objetivo,t1
179666897835.0,objetivo,t6
197425606796.0,objetivo,t5
231068921653.0,objetivo,t4
258999000026.0,adicion,t3
266895399304.0,adicion,t6
273774578405.0,objetivo,t1
297778645258.0,objetivo,t6
327939486696.0,objetivo,t3
338725077108.0,objetivo,t5
373962706664.0,adicion,t5
406866872336.0,adicion,t5
458387336508.0,objetivo,t3
474826307039.0,objetivo,t3
481737220643.0,adicion,t7
606267447930.0,objetivo,t5
612334573299.0,adicion,t6
623344558687.0,adicion,t1
634594443510.0,adicion,t6
665403323197.0,objetivo,t7
677879251433.0,objetivo,t6
683325854246.0,objetivo,t6
694662583621.0,adicion,t4
710859001925.0,objetivo,t5
785443292266.0,objetivo,t5
844057385574.0,adicion,t3
872874932959.0,objetivo,t3
927135893930.0,objetivo,t6
943558924666.0,adicion,t5
956155714884.0,adicion,t6
971881248187.0,objetivo,t5
978821263312.0,objetivo,t7
84454943164.0,objetivo,t3
144746939912.0,adicion,t5
175334288626.0,adicion,t1
202243454628.0,objetivo,t4
212313001209.0,objetivo,t1
217800739847.0,adicion,t6
244506443200.0,adicion,t5
324936165158.0,adicion,t5
423651007183.0,objetivo,t2
438150465885.0,objetivo,t6
496323575027.0,adicion,t5
539831192266.0,adicion,t1
601846071522.0,objetivo,t7
715835257131.0,adicion,t6
729984823409.0,adicion,t6
807839113710.0,adicion,t7
819352637754.0,adicion,t4
820760043402.0,adicion,t6
851343644687.0,adicion,t1
889334448745.0,adicion,t2
6053678857.0,adicion,t4
24960434367.0,objetivo,t4
34341137103.0,adicion,t6
36181191218.0,adicion,t1
73158570882.0,objetivo,t3
73610005268.0,objetivo,t4
94432279893.0,adicion,t6
103819344308.0,adicion,t3
322351930049.0,adicion,t6
339177162660.0,adicion,t6
373275437457.0,objetivo,t3
483037625901.0,adicion,t5
493794034722.0,objetivo,t3
501699647660.0,objetivo,t5
543892683557.0,adicion,t5
555361935549.0,adicion,t6
569827045697.0,objetivo,t7
624093040652.0,objetivo,t5
701123167753.0,objetivo,t6
744722271205.0,objetivo,t6
775856174640.0,objetivo,t3
843655669099.0,objetivo,t7
915181288264.0,adicion,t7
968182423181.0,adicion,t4
6725283252.0,adicion,t5
13652511152.0,objetivo,t5
38498939058.0,objetivo,t6
75349550184.0,adicion,t4
76618336987.0,adicion,t5
101268461595.0,adicion,t1
153118583063.0,objetivo,t6
162876799650.0,adicion,t5
196826132745.0,adicion,t6
205814967056.0,objetivo,t7
225546580834.0,adicion,t4
233338538944.0,adicion,t5
418612742071.0,adicion,t7
449094009220.0,adicion,t5
485349257554.0,objetivo,t7
498829163396.0,adicion,t3
502964740184.0,objetivo,t6
591745343062.0,adicion,t5
675040456527.0,adicion,t6
724996477767.0,adicion,t6
742015169963.0,adicion,t3
779850021899.0,objetivo,t3
815002443103.0,adicion,t5
908193290244.0,objetivo,t5
909908493864.0,adicion,t4
984625663298.0,adicion,t4
987865331582.0,adicion,t7
6050027767.0,adicion,t5
24083314550.0,adicion,t4
55493111754.0,adicion,t6
73813775185.0,adicion,t5
79085369055.0,adicion,t6
149064127162.0,adicion,t2
226294010131.0,adicion,t5
259825686766.0,objetivo,t6
346156661938.0,adicion,t6
364879164057.0,adicion,t3
383259708262.0,adicion,t4
443862291526.0,adicion,t5
555270229342.0,adicion,t5
604485886925.0,adicion,t3
691222157038.0,objetivo,t5
712950470772.0,objetivo,t5
733013780192.0,objetivo,t5
782514867950.0,adicion,t5
871815642566.0,objetivo,t5
880614394431.0,objetivo,t4
933618916500.0,objetivo,t5
970423993810.0,objetivo,t6
9455350627.0,objetivo,t5
21125470076.0,objetivo,t6
95405827111.0,objetivo,t3
101257025366.0,objetivo,t4
124981458966.0,adicion,t4
159293582159.0,adicion,t1
160017887690.0,objetivo,t5
175172582641.0,objetivo,t4
225925184549.0,adicion,t5
298647099323.0,objetivo,t3
375407049946.0,objetivo,t5
398856505913.0,adicion,t1
446193885276.0,objetivo,t6
581222243317.0,objetivo,t5
582253697064.0,adicion,t2
603406449333.0,adicion,t5
611066083211.0,adicion,t1
632234314491.0,adicion,t6
657767214952.0,objetivo,t6
661388009410.0,adicion,t5
692333850166.0,adicion,t4
744272824005.0,adicion,t6
749911537697.0,adicion,t5
750422876665.0,adicion,t4
757677282977.0,objetivo,t6
789234618181.0,objetivo,t6
811979255464.0,adicion,t4
868856662691.0,adicion,t7
962003854846.0,objetivo,t6
39722188272.0,adicion,t6
40373771259.0,objetivo,t5
53435639092.0,adicion,t6
61853681657.0,adicion,t6
67813993194.0,objetivo,t6
87340934839.0,objetivo,t6
157675483813.0,objetivo,t6
222890423254.0,objetivo,t6
245664562488.0,adicion,t2
274252508894.0,adicion,t5
300228995535.0,adicion,t5
308112413881.0,adicion,t3
346651182952.0,adicion,t4
454898826748.0,objetivo,t5
458022324880.0,objetivo,t3
466725186104.0,objetivo,t6
509884760079.0,adicion,t6
530264109808.0,objetivo,t5
631351647568.0,objetivo,t5
654461205158.0,adicion,t3
705472439556.0,adicion,t4
739282314125.0,adicion,t4
747265991531.0,objetivo,t6
771672184981.0,objetivo,t5
827186614808.0,adicion,t3
848348899941.0,objetivo,t5
854162159846.0,adicion,t5
913230036781.0,adicion,t5
917501215493.0,adicion,t6
921635951942.0,objetivo,t6
997163806961.0,objetivo,t3
12899290632.0,adicion,t6
20566284777.0,objetivo,t1
40574381870.0,adicion,t5
41003453049.0,adicion,t7
65996787390.0,adicion,t5
67043439557.0,objetivo,t6
95488909715.0,adicion,t5
126871158913.0,objetivo,t6
206228673174.0,adicion,t6
231828561349.0,objetivo,t7
241464913991.0,objetivo,t6
307039612194.0,adicion,t1
382149432035.0,objetivo,t3
391879804607.0,objetivo,t5
393164217104.0,objetivo,t2
412204421700.0,objetivo,t6
465866794958.0,adicion,t5
490703992994.0,adicion,t3
507929563591.0,adicion,t6
514109284498.0,objetivo,t7
571916676863.0,adicion,t4
644291331070.0,objetivo,t5
660383743216.0,adicion,t6
667703677803.0,adicion,t1
670750066776.0,objetivo,t7
705918987102.0,objetivo,t1
711052598206.0,adicion,t3
782342035006.0,adicion,t5
799818813297.0,objetivo,t6
820786600574.0,adicion,t7
922226426696.0,objetivo,t6
927447857624.0,adicion,t6
12072670861.0,objetivo,t5
15789378237.0,objetivo,t6
218698133194.0,adicion,t2
290294260812.0,adicion,t6
295095931995.0,objetivo,t6
298198445725.0,objetivo,t6
339110451248.0,objetivo,t5
364848885290.0,objetivo,t4
392407638478.0,adicion,t3
392793928662.0,objetivo,t6
552954370329.0,adicion,t6
608033168095.0,adicion,t6
665113926836.0,objetivo,t4
666520873956.0,adicion,t3
712316467129.0,adicion,t1
712954926280.0,adicion,t5
714670737164.0,objetivo,t5
745226885640.0,adicion,t3
771297189578.0,objetivo,t6
772331593886.0,objetivo,t4
783519899478.0,objetivo,t7
866453447265.0,adicion,t5
936753805132.0,adicion,t6
10209144275.0,adicion,t4
36541860115.0,adicion,t5
274322877292.0,adicion,t6
286733382073.0,objetivo,t5
292695165619.0,adicion,t4
314962853453.0,objetivo,t7
328365038961.0,adicion,t6
356512464127.0,adicion,t5
363485334260.0,objetivo,t5
379890322830.0,adicion,t4
494290919875.0,adicion,t4
528959226067.0,adicion,t4
534589585154.0,adicion,t6
547805244523.0,adicion,t4
600056463829.0,adicion,t5
609855618079.0,objetivo,t7
652271449482.0,adicion,t3
656201148242.0,adicion,t5
734887128931.0,adicion,t5
846727506109.0,adicion,t7
852790326801.0,adicion,t2
867083526042.0,adicion,t6
882237048511.0,adicion,t6
947070848556.0,adicion,t3
974087058386.0,objetivo,t6
982393786443.0,adicion,t6
998987692611.0,adicion,t5
55210847182.0,adicion,t6
62536773399.0,adicion,t4
98288179935.0,objetivo,t6
111293544885.0,adicion,t6
112678533231.0,adicion,t6
153972769814.0,objetivo,t6
183115109906.0,objetivo,t6
184041250369.0,objetivo,t1
321627909267.0,adicion,t7
393215335351.0,adicion,t2
449102817940.0,adicion,t4
472648661612.0,adicion,t4
488573863258.0,objetivo,t3
494215837622.0,objetivo,t6
510080614489.0,adicion,t5
510832157856.0,adicion,t5
543778164538.0,objetivo,t5
607493110378.0,objetivo,t5
634958180979.0,objetivo,t4
662845282799.0,objetivo,t3
669803593415.0,adicion,t3
690764373901.0,objetivo,t6
745954423700.0,objetivo,t5
758673274718.0,adicion,t7
849994978038.0,objetivo,t6
871832411837.0,objetivo,t6
886262804798.0,adicion,t1
959808860875.0,adicion,t5
160993742073.0,adicion,t5
192112615358.0,objetivo,t6
224138268638.0,objetivo,t5
246754549204.0,objetivo,t5
304510589350.0,adicion,t6
324405029208.0,adicion,t5
336499131680.0,adicion,t5
339073179021.0,adicion,t6
375350754472.0,adicion,t6
385442487103.0,adicion,t2
407297348766.0,adicion,t5
439026904708.0,adicion,t6
478520340295.0,adicion,t6
490949469942.0,objetivo,t6
545038328997.0,adicion,t5
611052138022.0,adicion,t6
644271852883.0,objetivo,t5
659929236517.0,adicion,t4
696895632428.0,objetivo,t6
726721111900.0,adicion,t1
730813633266.0,objetivo,t6
850764289882.0,objetivo,t4
943123591856.0,adicion,t6
127050184980.0,objetivo,t6
195998118884.0,objetivo,t7
209528768076.0,objetivo,t6
262110345822.0,adicion,t6
282315499916.0,objetivo,t4
474334698020.0,adicion,t4
491421870360.0,objetivo,t6
504399183459.0,adicion,t5
530418801905.0,objetivo,t5
569458084636.0,adicion,t6
744063437153.0,objetivo,t1
762953730641.0,objetivo,t4
831401619606.0,objetivo,t6
845924019148.0,adicion,t5
849891905988.0,objetivo,t2
890123944513.0,objetivo,t7
900589623473.0,adicion,t3
45274506396.0,objetivo,t6
96865722688.0,adicion,t4
124317185174.0,adicion,t6
131315837222.0,adicion,t7
200029498683.0,adicion,t5
307718076674.0,adicion,t6
333351326714.0,objetivo,t6
341536348347.0,adicion,t6
383330797545.0,adicion,t3
584442672652.0,adicion,t5
603017808443.0,adicion,t6
615057939699.0,adicion,t6
623184317953.0,adicion,t7
730491333665.0,adicion,t7
778378897312.0,objetivo,t6
782788934776.0,adicion,t1
797938051984.0,adicion,t3
873053857370.0,adicion,t6
940251192393.0,objetivo,t5
982679594271.0,adicion,t6
983245206754.0,objetivo,t5
